,0,1,2,3,4,5,6,7
0,Nokia 125 TA-1253 DS,"43,575 Ratings & 233 Reviews",4 MB RAM | 4 MB ROM,6.1 cm (2.4 inch) Display,1020 mAh Lithium-ion Battery,MediaTek Processor,,"₹2,199₹2,3998% offFree deliveryBank Offer"
1,Snexian GURU 310,"3.321,177 Ratings & 1,684 Reviews",32 MB RAM | 32 MB ROM,4.57 cm (1.8 inch) NA Display,1.3MP Rear Camera,800 mAh Battery,,₹579₹99942% offFree deliveryBank Offer
2,KARBONN Y1,3.8251 Ratings & 17 Reviews,32 MB RAM | 32 MB ROM | Expandable Upto 32 GB,4.57 cm (1.8 inch) Quarter QVGA Display,0.3MP Rear Camera,800 mAh Battery,,"₹998₹1,19016% offFree deliveryBank Offer"
3,"APPLE iPhone 13 (Blue, 128 GB)","4.72,49,272 Ratings & 12,335 Reviews",128 GB ROM,15.49 cm (6.1 inch) Super Retina XDR Display,12MP + 12MP | 12MP Front Camera,A15 Bionic Chip Processor,,"₹59,999₹69,90014% offFree deliveryDaily SaverUpto ₹59,000 Off on Exchange"
4,LAVA A5,"4.113,248 Ratings & 1,225 Reviews",32 MB RAM | 24 MB ROM | Expandable Upto 32 GB,6.1 cm (2.4 inch) QVGA Display,0.3MP Rear Camera,1000 mAh Li-ion Battery,,"₹1,640₹1,649Free deliveryBank Offer"
5,"REDMI 10 Power (Sporty Orange, 128 GB)","4.24,653 Ratings & 258 Reviews",8 GB RAM | 128 GB ROM,17.02 cm (6.7 inch) Display,50MP Rear Camera,6000 mAh Battery,,"₹13,980₹18,99926% offFree deliveryBank Offer"
6,"I Kall S1 Pro (Electric Purple, 128 GB)",3.790 Ratings & 3 Reviews,6 GB RAM | 128 GB ROM | Expandable Upto 512 GB,17.27 cm (6.8 inch) HD+ Display,13MP + 5MP + 2MP | 8MP Front Camera,6000 mAh Battery,1 Year Domestic Warranty,"₹9,999₹11,99916% offFree deliveryBank Offer"
7,KARBONN K9 Yuva,3.9924 Ratings & 63 Reviews,64 MB RAM | 32 KB ROM,4.57 cm (1.8 inch) QVGA Display,2MP Rear Camera,2502 mAh Battery,,"₹1,299₹1,49012% offFree deliveryBank Offer"
8,Micromax X702,3.6445 Ratings & 24 Reviews,32 MB RAM | 32 MB ROM,6.1 cm (2.4 inch) Display,0.3MP Rear Camera,1000 mAh Battery,,"₹1,124₹1,49925% offFree deliveryBank Offer"
9,"OPPO Reno10 Pro 5G (Glossy Purple, 256 GB)","4.33,485 Ratings & 494 Reviews",12 GB RAM | 256 GB ROM,17.02 cm (6.7 inch) Full HD+ Display,50MP + 32MP + 8MP | 32MP Front Camera,4600 mAh Battery,1 Year Manufacturer Warranty for Phone and 6 Months Warranty for In the Box Accessories,"₹39,999₹44,99911% offFree deliveryUpto ₹39,000 Off on ExchangeNo Cost EMI from ₹6,667/month"
10,"OPPO Reno10 Pro 5G (Silvery Grey, 256 GB)","4.33,485 Ratings & 494 Reviews",12 GB RAM | 256 GB ROM,17.02 cm (6.7 inch) Full HD+ Display,50MP + 32MP + 8MP | 32MP Front Camera,4600 mAh Battery,1 Year Manufacturer Warranty for Phone and 6 Months Warranty for In the Box Accessories,"₹39,999₹44,99911% offFree deliveryUpto ₹39,000 Off on ExchangeNo Cost EMI from ₹6,667/month"
11,"realme 9i 5G (Rocking Black, 128 GB)","4.310,133 Ratings & 682 Reviews",6 GB RAM | 128 GB ROM | Expandable Upto 1 TB,16.76 cm (6.6 inch) Full HD+ Display,50MP + 2MP + 2MP | 8MP Front Camera,5000 mAh Lithium Ion Battery,1 Year Manufacturer Warranty for Phone and 6 Months Warranty for In-Box Accessories,"₹16,999₹19,99915% offFree deliveryUpto ₹16,350 Off on ExchangeNo Cost EMI from ₹2,834/month"
12,itel Ace2 lite Keypad Mobile| 1000 mAh Battery|Expandable Storage 32GB,3.816 Ratings & 0 Reviews,32 MB RAM | 32 MB ROM,4.57 cm (1.8 inch) Display,1000 mAh Battery,"12+1 Months Warranty for device  (Special offer) 
6 months for accessories",,"₹915₹1,19923% offFree deliveryDaily SaverBank Offer"
13,LAVA A1 2021,"45,198 Ratings & 417 Reviews",32 MB RAM | 24 MB ROM | Expandable Upto 32 GB,4.5 cm (1.77 inch) Display,0.3MP Rear Camera,800 mAh Li-ion Battery,,"₹1,129₹1,44922% offFree deliveryHot DealBank Offer"
14,"Nokia G11 Plus TA-1438 DS (Blue, 64 GB)","49,007 Ratings & 582 Reviews",4 GB RAM | 64 GB ROM,16.55 cm (6.517 inch) Display,50MP Rear Camera,5000 mAh Battery,,"₹8,989₹13,99935% offFree deliveryBank Offer"
15,Kechaoda K33,4744 Ratings & 55 Reviews,32 MB RAM | 32 MB ROM,3.56 cm (1.4 inch) Display,0.3MP Rear Camera,800 mAh Battery,,"₹1,150₹1,49923% offFree deliveryHot DealBank Offer"
16,itel It2175 Keypad Mobile|1200 mAh battery|Expandable Storage upto 32GB,"4.421,145 Ratings & 1,794 Reviews",4 MB RAM | 4 MB ROM | Expandable Upto 32 GB,4.57 cm (1.8 inch) Quarter QVGA Display,0.3MP Rear Camera,1200 mAh Lithium Ion Battery,,"₹1,232₹1,49917% offFree deliveryBank Offer"
17,"realme 10 Pro+ 5G (Dark Matter, 256 GB)",3.5944 Ratings & 42 Reviews,8 GB RAM | 256 GB ROM,17.02 cm (6.7 inch) Full HD+ Display,108MP + 8MP + 2MP | 16MP Front Camera,5000 mAh Battery,1 Year Manufacturer Warranty for Phone and 6 Months Warranty for In-Box Accessories,"₹27,999₹28,9993% offFree deliveryUpto ₹27,000 Off on ExchangeNo Cost EMI from ₹4,667/month"
18,Cellecor X3,"4.24,017 Ratings & 236 Reviews",32 MB RAM | 32 MB ROM | Expandable Upto 32 GB,4.57 cm (1.8 inch) Display,0.3MP Rear Camera,1000 mAh Battery,,"₹1,105₹1,74936% offFree deliveryDaily SaverBank Offer"
19,"SAMSUNG GALAXY M13 (Stardust Brown, 64 GB)",3.865 Ratings & 6 Reviews,4 GB RAM | 64 GB ROM,16.76 cm (6.6 inch) Display,50MP Rear Camera,6000 mAh Battery,,"₹10,945₹14,99927% offFree deliveryNo Cost EMI from ₹1,825/monthBank Offer"
20,itel it5029 Keypad Mobile|1200 mAh battery|Expandable Storage upto 32GB,"4.24,653 Ratings & 258 Reviews",32 MB RAM | 32 MB ROM,6.1 cm (2.4 inch) Display,0.3MP Rear Camera,1200 mAh Battery,,"₹1,340₹1,79925% offFree deliveryDaily SaverBank Offer"
21,"REDMI 10 Power (Power Black, 128 GB)","4.421,145 Ratings & 1,794 Reviews",8 GB RAM | 128 GB ROM,17.02 cm (6.7 inch) Display,50MP Rear Camera | 5MP Front Camera,6000 mAh Battery,,"₹12,489₹18,99934% offFree deliveryBank Offer"
22,"realme 10 Pro+ 5G (Nebula Blue, 256 GB)","4.421,145 Ratings & 1,794 Reviews",8 GB RAM | 256 GB ROM,17.02 cm (6.7 inch) Full HD+ Display,108MP + 8MP + 2MP | 16MP Front Camera,5000 mAh Battery,1 Year Manufacturer Warranty for Phone and 6 Months Warranty for In-Box Accessories,"₹27,999₹28,9993% offFree deliveryUpto ₹27,000 Off on ExchangeNo Cost EMI from ₹4,667/month"
