,0,1,2,3,4,5,6,7
0,"REDMI Note 11S (Polar White, 64 GB)","4.13,968 Ratings & 301 Reviews",6 GB RAM | 64 GB ROM,16.33 cm (6.43 inch) Display,108MP Rear Camera,5000 mAh Battery,,"₹13,680₹19,99931% offFree deliveryNo Cost EMI from ₹2,280/monthBank Offer"
1,"realme 10 Pro+ 5G (Nebula Blue, 256 GB)","4.421,145 Ratings & 1,794 Reviews",8 GB RAM | 256 GB ROM,17.02 cm (6.7 inch) Full HD+ Display,108MP + 8MP + 2MP | 16MP Front Camera,5000 mAh Battery,1 Year Manufacturer Warranty for Phone and 6 Months Warranty for In-Box Accessories,"₹27,999₹28,9993% offFree deliveryUpto ₹27,000 Off on ExchangeNo Cost EMI from ₹4,667/month"
2,KARBONN K310i,3.6382 Ratings & 30 Reviews,10 MB RAM | 10 MB ROM,4.57 cm (1.8 inch) NA Display,800 mAh Battery,1 Year,,"₹959₹1,19019% offFree deliveryBank Offer"
3,"realme 10 Pro+ 5G (Hyperspace, 256 GB)","4.421,145 Ratings & 1,794 Reviews",8 GB RAM | 256 GB ROM,17.02 cm (6.7 inch) Full HD+ Display,108MP + 8MP + 2MP | 16MP Front Camera,5000 mAh Battery,1 Year Manufacturer Warranty for Phone and 6 Months Warranty for In-Box Accessories,"₹27,999₹28,9993% offFree deliveryUpto ₹27,000 Off on ExchangeNo Cost EMI from ₹4,667/month"
4,"realme 10 Pro+ 5G (Dark Matter, 256 GB)","4.421,145 Ratings & 1,794 Reviews",8 GB RAM | 256 GB ROM,17.02 cm (6.7 inch) Full HD+ Display,108MP + 8MP + 2MP | 16MP Front Camera,5000 mAh Battery,1 Year Manufacturer Warranty for Phone and 6 Months Warranty for In-Box Accessories,"₹27,999₹28,9993% offFree deliveryUpto ₹27,000 Off on ExchangeNo Cost EMI from ₹4,667/month"
5,"vivo Y16 (Drizzling Gold, 128 GB)","4.33,837 Ratings & 219 Reviews",4 GB RAM | 128 GB ROM | Expandable Upto 1 TB,16.54 cm (6.51 inch) HD+ Display,13MP + 2MP | 5MP Front Camera,5000 mAh Lithium Battery,1 Year of Device & 6 Months for In-Box Accessories,"₹12,499₹16,99926% offFree deliveryUpto ₹11,950 Off on ExchangeBank Offer"
6,"OPPO A17 (Sunlight Orange, 64 GB)","4.49,059 Ratings & 385 Reviews",4 GB RAM | 64 GB ROM | Expandable Upto 2 TB,16.66 cm (6.56 inch) HD+ Display,50MP + 0.3MP + 0.3MP | 5MP Front Camera,5000 mAh Lithium-ion Polymer Battery,1 Year on Handset and 6 Months on Accessories,"₹12,499₹14,99916% offFree deliveryUpto ₹11,950 Off on ExchangeNo Cost EMI from ₹4,167/month"
7,"OPPO Reno10 Pro 5G (Glossy Purple, 256 GB)","4.33,485 Ratings & 494 Reviews",12 GB RAM | 256 GB ROM,17.02 cm (6.7 inch) Full HD+ Display,50MP + 32MP + 8MP | 32MP Front Camera,4600 mAh Battery,1 Year Manufacturer Warranty for Phone and 6 Months Warranty for In the Box Accessories,"₹39,999₹44,99911% offFree deliveryUpto ₹39,000 Off on ExchangeNo Cost EMI from ₹6,667/month"
8,"OPPO Reno10 Pro 5G (Silvery Grey, 256 GB)","4.33,485 Ratings & 494 Reviews",12 GB RAM | 256 GB ROM,17.02 cm (6.7 inch) Full HD+ Display,50MP + 32MP + 8MP | 32MP Front Camera,4600 mAh Battery,1 Year Manufacturer Warranty for Phone and 6 Months Warranty for In the Box Accessories,"₹39,999₹44,99911% offFree deliveryUpto ₹39,000 Off on ExchangeNo Cost EMI from ₹6,667/month"
9,Nokia 110 (2023),4.118 Ratings & 0 Reviews,4 MB RAM | 4 MB ROM,4.57 cm (1.8 inch) Display,0.2MP Rear Camera,1000 mAh Battery,,"₹1,929₹2,0998% offFree deliveryLowest Price in 15 daysBank Offer"
10,KARBONN Y1,3.8251 Ratings & 17 Reviews,32 MB RAM | 32 MB ROM | Expandable Upto 32 GB,4.57 cm (1.8 inch) Quarter QVGA Display,0.3MP Rear Camera,800 mAh Battery,,"₹998₹1,19016% offFree deliveryBank Offer"
11,"SAMSUNG GALAXY M13 (Midnight Blue, 128 GB)","4.21,125 Ratings & 59 Reviews",6 GB RAM | 128 GB ROM,16.76 cm (6.6 inch) Display,50MP Rear Camera,6000 mAh Battery,,"₹12,898₹17,99928% offFree deliveryDaily SaverNo Cost EMI from ₹2,150/month"
12,itel MagicX 4G| 1200 mAh battery| Expanadable Storage upto 64GB,4675 Ratings & 54 Reviews,48 MB RAM | 128 MB ROM,6.1 cm (2.4 inch) Display,0.3MP Rear Camera,1200 mAh Battery,,"₹2,163₹2,89925% offFree deliveryDaily SaverBank Offer"
13,"Tecno Pop 7 Pro (Endless Black, 3 GB)",3.8656 Ratings & 47 Reviews,64 GB RAM | 3 GB ROM,16.66 cm (6.56 inch) Display,50MP Rear Camera,5000 mAh Battery,,"₹7,283₹8,99919% offFree deliveryBank Offer"
14,Kechaoda A20,3.8656 Ratings & 47 Reviews,512 MB RAM | 32 MB ROM,4.57 cm (1.8 inch) QVGA Display,0.3MP Rear Camera,1000 mAh Battery,,"₹999₹1,49933% offFree deliveryBank Offer"
15,Kechaoda A20,4.1476 Ratings & 23 Reviews,512 MB RAM | 32 MB ROM,4.57 cm (1.8 inch) QVGA Display,0.3MP Rear Camera,1000 mAh Battery,,₹999Free deliveryBank Offer
16,"Tecno Pova 3 (Tech Silver, 128 GB)",445 Ratings & 5 Reviews,6 GB RAM | 128 GB ROM | Expandable Upto 512 GB,17.53 cm (6.9 inch) Full HD+ Display,50MP + 2MP + 2MP | 8MP Front Camera,7000 mAh Battery,"One Year Warranty for Handset, 6 Months for Accessories","₹13,999₹15,99912% offFree deliveryBank Offer"
17,"itel P40 (Luxurious Gold, 32 GB)","41,834 Ratings & 176 Reviews",3 GB RAM | 32 GB ROM,16.76 cm (6.6 inch) Display,13MP Rear Camera,6000 mAh Battery,,"₹6,799₹8,29918% offFree deliveryHot DealBank Offer"
18,itel IT5626,"4.34,914 Ratings & 237 Reviews",8 MB RAM | 8 MB ROM | Expandable Upto 32 GB,7.11 cm (2.8 inch) QVGA Display,0.3MP Rear Camera,2500 mAh Lithium ion Battery,100 Days Replacement with 1 Year of Phone Warranty and 6 Months on Accessories,"₹1,789₹2,09914% offFree deliveryDaily SaverBank Offer"
19,"REDMI 11 Prime (Playful Green, 64 GB)","4.25,503 Ratings & 608 Reviews",4 GB RAM | 64 GB ROM | Expandable Upto 512 GB,16.71 cm (6.58 inch) Full HD+ Display,50MP + 2MP + 2MP | 8MP Front Camera,5000 mAh Battery,1 Year Manufacturer Warranty for Phone and 6 Months Warranty for In the Box Accessories,"₹8,999₹14,99940% offFree deliveryUpto ₹8,450 Off on ExchangeBank Offer"
20,"REDMI Note 12 Pro+ 5G (Arctic White, 256 GB)","3.918,427 Ratings & 1,335 Reviews",12 GB RAM | 256 GB ROM,16.94 cm (6.67 inch) Full HD+ AMOLED Display,200MP + 8MP + 2MP | 16MP Front Camera,4980 mAh Lithium Polymer Battery,1 Year Manufacturer Warranty for Phone and 6 Months Warranty for In the Box Accessories,"₹32,999₹36,99910% offFree deliveryDaily SaverUpto ₹32,200 Off on Exchange"
21,Kechaoda K66 The Music House 4,"4.21,675 Ratings & 104 Reviews",32 MB RAM | 64 MB ROM,3.66 cm (1.44 inch) Display,1.3MP Rear Camera,400 mAh Battery,,"₹1,299₹1,99935% offFree deliveryBank Offer"
22,"vivo Y56 5G (Black Engine, 128 GB)","412,358 Ratings & 773 Reviews",8 GB RAM | 128 GB ROM,16.71 cm (6.58 inch) Full HD+ Display,50MP + 2MP | 16MP Front Camera,5000 mAh Battery,1 Year Manufacturer Warranty for Handset and 6 Months Manufacturer Warranty for In-Box Accessories,"₹18,999₹24,99924% offFree deliveryLowest price since launchUpto ₹18,400 Off on Exchange"
