,0,1,2,3,4,5,6,7
0,Micromax X708,"3.93,503 Ratings & 242 Reviews",32 MB RAM | 32 MB ROM,6.1 cm (2.4 inch) Display,0.3MP Rear Camera,1450 mAh Battery,,"₹1,335₹1,79925% offFree deliveryBank Offer"
1,"SAMSUNG Galaxy F23 5G (Forest Green, 128 GB)","4.32,04,853 Ratings & 15,627 Reviews",6 GB RAM | 128 GB ROM | Expandable Upto 1 TB,16.76 cm (6.6 inch) Full HD+ Display,50MP + 8MP + 2MP | 8MP Front Camera,5000 mAh Lithium Ion Battery,1 Year Warranty Provided by the Manufacturer from Date of Purchase,"₹16,999₹23,99929% offFree deliveryUpto ₹16,350 Off on ExchangeNo Cost EMI from ₹2,834/month"
2,"REDMI 12c (Matte Black, 128 GB)","4.11,079 Ratings & 59 Reviews",6 GB RAM | 128 GB ROM | Expandable Upto 1 TB,17.04 cm (6.71 inch) HD+ Display,50MP Rear Camera | 5MP Front Camera,5000 mAh Battery,1 Year Domestic Warranty for Phone and 6 Months Domestic Warranty for In-Box Accessories,"₹10,366₹15,99935% offFree deliveryDaily SaverNo Cost EMI from ₹1,728/month"
3,"REDMI 12C (Matte Black, 64 GB)","4.21,774 Ratings & 98 Reviews",4 GB RAM | 64 GB ROM,17.04 cm (6.71 inch) Display,50MP Rear Camera,5000 mAh Battery,,"₹8,619₹13,99938% offFree deliveryNo Cost EMI from ₹1,437/monthBank Offer"
4,Nokia 150 DS RED 2023,4.2427 Ratings & 37 Reviews,4 MB RAM | 4 MB ROM,6.1 cm (2.4 inch) Display,0.3MP Rear Camera,1450 mAh Battery,,"₹3,149₹3,1991% offFree deliveryBank Offer"
5,"realme 11 Pro 5G (Astral Black, 256 GB)","3.52,467 Ratings & 199 Reviews",12 GB RAM | 256 GB ROM,17.02 cm (6.7 inch) Full HD+ Display,100MP (OIS) + 2MP | 16MP Front Camera,5000 mAh Battery,1 Year Manufacturer Warranty for Device and 6 Months Manufacturer Warranty for In-Box Accessories,"₹27,999₹30,9999% offFree deliveryUpto ₹27,000 Off on ExchangeNo Cost EMI from ₹3,111/month"
6,GFive U106,"4.321,472 Ratings & 1,977 Reviews",32 MB RAM | 64 MB ROM | Expandable Upto 16 GB,4.57 cm (1.8 inch) Display,0.3MP Rear Camera,950 mAh Battery,,₹725₹99927% offFree deliveryHot DealBank Offer
7,"realme 11 Pro 5G (Astral Black, 128 GB)","4.645,294 Ratings & 1,720 Reviews",8 GB RAM | 128 GB ROM,17.02 cm (6.7 inch) Full HD+ Display,100MP (OIS) + 2MP | 16MP Front Camera,5000 mAh Battery,1 Year Manufacturer Warranty for Device and 6 Months Manufacturer Warranty for In-Box Accessories,"₹23,999₹25,9997% offFree deliveryUpto ₹23,100 Off on ExchangeNo Cost EMI from ₹4,000/month"
8,"APPLE iPhone 14 (Starlight, 128 GB)","4.228,902 Ratings & 2,884 Reviews",128 GB ROM,15.49 cm (6.1 inch) Super Retina XDR Display,12MP + 12MP | 12MP Front Camera,"A15 Bionic Chip, 6 Core Processor Processor",,"₹68,999₹79,90013% offFree deliveryDaily SaverUpto ₹61,000 Off on Exchange"
9,LAVA A3,"4.290,958 Ratings & 6,283 Reviews",4 MB RAM | 3 MB ROM | Expandable Upto 32 GB,4.5 cm (1.77 inch) Display,0.3MP Rear Camera | 0.3MP Front Camera,1750 mAh Battery,,"₹1,299₹1,3997% offFree deliveryBank Offer"
10,"POCO M4 5G (Power Black, 64 GB)","417,270 Ratings & 1,150 Reviews",4 GB RAM | 64 GB ROM | Expandable Upto 512 GB,16.71 cm (6.58 inch) Full HD+ Display,50MP + 2MP | 8MP Front Camera,5000 mAh Lithium Ion Polymer Battery,1 Year Warranty for Handset and 6 Months for Accessories,"₹12,999₹15,99918% offFree deliveryUpto ₹12,450 Off on ExchangeBank Offer"
11,Kechaoda A26,"4.14,539 Ratings & 315 Reviews",32 MB RAM | 32 MB ROM | Expandable Upto 16 GB,1.68 cm (0.66 inch) FWVGA Display,800 mAh Battery,1 Year Company Warranty,,"₹997₹1,59937% offFree deliveryBank Offer"
12,"REDMI Note 12 5G (Matte Black, 128 GB)","4.147,216 Ratings & 2,450 Reviews",6 GB RAM | 128 GB ROM | Expandable Upto 1 TB,16.94 cm (6.67 inch) Full HD+ AMOLED Display,48MP + 8MP + 2MP | 13MP Front Camera,5000 mAh Battery,1 Year Manufacturer Warranty for Phone and 6 Months Warranty for In the Box Accessories,"₹18,999₹21,99913% offFree deliveryDaily SaverUpto ₹16,950 Off on Exchange"
13,"POCO C51 - Locked with Airtel Prepaid (Royal Blue, 64 GB)",4744 Ratings & 55 Reviews,4 GB RAM | 64 GB ROM | Expandable Upto 1 TB,16.56 cm (6.52 inch) HD+ Display,8MP Dual Rear Camera | 5MP Front Camera,5000 mAh Battery,1 Year Manufacturer Warranty for Phone and 6 Months Warranty for in the Box Accessories,"₹5,999₹9,99940% offFree deliveryUpto ₹5,450 Off on ExchangeBank Offer"
14,itel It2175 Keypad Mobile|1200 mAh battery|Expandable Storage upto 32GB,"4.22,378 Ratings & 175 Reviews",4 MB RAM | 4 MB ROM | Expandable Upto 32 GB,4.57 cm (1.8 inch) Quarter QVGA Display,0.3MP Rear Camera,1200 mAh Lithium Ion Battery,,"₹1,095₹1,49926% offFree deliveryBank Offer"
15,"SAMSUNG Galaxy M14 5G (Berry Blue, 128 GB)",4.2600 Ratings & 51 Reviews,6 GB RAM | 128 GB ROM,16.76 cm (6.6 inch) Display,50MP Rear Camera,6000 mAh Battery,,"₹15,187₹18,99020% offFree deliveryNo Cost EMI from ₹2,532/monthBank Offer"
16,"SAMSUNG Galaxy M14 5G (Berry Blue, 128 GB)","4.131,534 Ratings & 2,344 Reviews",4 GB RAM | 128 GB ROM,16.76 cm (6.6 inch) Display,50MP Rear Camera,6000 mAh Battery,,"₹14,154₹17,99021% offFree deliveryNo Cost EMI from ₹2,359/monthBank Offer"
17,Kechaoda K115,"4.131,534 Ratings & 2,344 Reviews",32 MB RAM | 32 MB ROM,3.66 cm (1.44 inch) QVGA Display,0.3MP Rear Camera,850 mAh Battery,,"₹1,120₹1,49925% offFree deliveryBank Offer"
18,Kechaoda K115,"3.93,503 Ratings & 242 Reviews",32 MB RAM | 32 MB ROM,3.66 cm (1.44 inch) Display,0.3MP Rear Camera,850 mAh Battery,,"₹1,120₹1,49925% offFree deliveryBank Offer"
19,Micromax X708,"4.22,605 Ratings & 274 Reviews",32 MB RAM | 32 MB ROM,6.1 cm (2.4 inch) Display,0.3MP Rear Camera,1450 mAh Battery,,"₹1,270₹1,79929% offFree deliveryBank Offer"
20,"Infinix HOT 30 5G (Aurora Blue, 128 GB)","4.215,412 Ratings & 1,450 Reviews",8 GB RAM | 128 GB ROM | Expandable Upto 1 TB,17.22 cm (6.78 inch) Full HD+ Display,50 MP + AI Lens | 8MP Front Camera,6000 mAh Lithium Ion Polymer Battery,1 Year on Handset and 6 Months on Accessories,"₹13,499₹16,99920% offFree deliveryUpto ₹12,950 Off on ExchangeBank Offer"
21,"REDMI Note 12 Pro 5G (Stardust Purple, 256 GB)","4.21,401 Ratings & 71 Reviews",8 GB RAM | 256 GB ROM,16.94 cm (6.67 inch) Full HD+ AMOLED Display,50MP (OIS) + 8MP + 2MP | 16MP Front Camera,5000 mAh Lithium Polymer Battery,1 Year Manufacturer Warranty for Phone and 6 Months Warranty for In the Box Accessories,"₹26,999₹31,99915% offFree deliveryUpto ₹26,450 Off on ExchangeNo Cost EMI from ₹3,000/month"
22,"realme Narzo N55 (Prime Black, 128 GB)",4.1227 Ratings & 18 Reviews,6 GB RAM | 128 GB ROM,17.07 cm (6.72 inch) Display,64MP Rear Camera,5000 mAh Battery,,"₹13,169₹14,99912% offFree deliveryDaily SaverNo Cost EMI from ₹2,195/month"
