,0,1,2,3,4,5,6,7
0,"Nothing Phone (1) (White, 256 GB)","4.37,288 Ratings & 800 Reviews",12 GB RAM | 256 GB ROM,16.64 cm (6.55 inch) Full HD+ Display,50MP + 50MP | 16MP Front Camera,4500 mAh Lithium-ion Battery,Meet the Glyph Interface. A New Way to Communicate,"₹35,999₹42,99916% offFree deliveryUpto ₹35,000 Off on ExchangeBank Offer"
1,"REDMI A2 (Classic Black, 32 GB)",4.1227 Ratings & 18 Reviews,2 GB RAM | 32 GB ROM,16.56 cm (6.52 inch) HD+ Display,8MP Rear Camera,5000 mAh Battery,2 year,"₹6,799₹8,99924% offFree deliveryBank Offer"
2,"vivo Y16 (Steller Black, 64 GB)","4.33,837 Ratings & 219 Reviews",4 GB RAM | 64 GB ROM,16.54 cm (6.51 inch) Display,13MP Rear Camera,5000 mAh Battery,,"₹12,370₹16,99927% offFree deliveryNo Cost EMI from ₹2,062/monthBank Offer"
3,Nokia 110 TA-1302 DS,"425,611 Ratings & 1,997 Reviews",4 MB RAM | 4 MB ROM | Expandable Upto 32 MB,4.5 cm (1.77 inch) QVGA Display,1MP Rear Camera,800 mAh Battery,,"₹1,699₹2,09919% offFree deliveryHot DealBank Offer"
4,Good One 2192,"3.81,342 Ratings & 241 Reviews",32 MB RAM | 32 MB ROM | Expandable Upto 32 GB,4.57 cm (1.8 inch) Display,2MP Rear Camera,2500 mAh Battery,,"₹1,099₹1,99945% offFree deliveryBank Offer"
5,Lvix L1 312,3.5230 Ratings & 19 Reviews,16 MB RAM | 32 MB ROM,4.5 cm (1.77 inch) Display,0.3MP Rear Camera,1000 mAh Battery,,₹620₹99937% offBank Offer
6,GFive C3 Card,3.7604 Ratings & 37 Reviews,32 MB RAM | 32 MB ROM | Expandable Upto 16 GB,4.57 cm (1.8 inch) Display,0.3MP Rear Camera,800 mAh Battery,,"₹999₹1,99950% offFree deliveryBank Offer"
7,LAVA A7 Star,4299 Ratings & 25 Reviews,24 MB RAM | 32 MB ROM | Expandable Upto 32 GB,6.1 cm (2.4 inch) Quarter QVGA Display,0.3MP Rear Camera | 0MP Front Camera,1800 mAh Lithium Ion Battery,,"₹1,499₹1,89921% offFree deliveryBank Offer"
8,"Tecno Spark Go 2023 (UYUNI BLUE, 64 GB)",4.2169 Ratings & 4 Reviews,4 GB RAM | 64 GB ROM,16.66 cm (6.56 inch) Display,13MP Rear Camera,5000 mAh Battery,,"₹8,109₹9,99918% offFree deliveryBank Offer"
9,"Infinix Hot 20 5G (Blaster Green, 128 GB)","4.17,443 Ratings & 640 Reviews",6 GB RAM | 128 GB ROM | Expandable Upto 1 TB,16.76 cm (6.6 inch) Full HD+ Display,50MP + AI Lens | 8MP Front Camera,5000 mAh Li-ion Polymer Battery,1 Year on Handset and 6 Months on Accessories,"₹13,499₹19,99932% offFree deliveryUpto ₹12,950 Off on ExchangeBank Offer"
10,"Infinix Hot 20 5G (Space Blue, 128 GB)","4.17,443 Ratings & 640 Reviews",6 GB RAM | 128 GB ROM | Expandable Upto 1 TB,16.76 cm (6.6 inch) Full HD+ Display,50MP + AI Lens | 8MP Front Camera,5000 mAh Li-ion Polymer Battery,1 Year on Handset and 6 Months on Accessories,"₹13,499₹19,99932% offFree deliveryUpto ₹12,950 Off on ExchangeBank Offer"
11,Kechaoda K60,"4.11,424 Ratings & 134 Reviews",32 MB RAM | 32 MB ROM | Expandable Upto 16 GB,6.1 cm (2.4 inch) QVGA Display,0.3MP Rear Camera | 0.3MP Front Camera,3600 mAh Battery,,"₹1,775₹2,05513% offFree deliveryBank Offer"
12,"Tecno Camon 20 (Predawn Black, 256 GB)",4.3192 Ratings & 19 Reviews,8 GB RAM | 256 GB ROM | Expandable Upto 1 TB,16.94 cm (6.67 inch) Full HD+ Display,64MP + 2MP | 32MP Front Camera,5000 mAh Battery,Domestic Warranty 1 Year For Handset And 6 Month For Accessories.,"₹14,889₹17,99917% offFree deliveryBank Offer"
13,"REDMI Note 12 Pro 5G (Glacier Blue, 128 GB)","4.215,412 Ratings & 1,450 Reviews",8 GB RAM | 128 GB ROM,16.94 cm (6.67 inch) Full HD+ AMOLED Display,50MP (OIS) + 8MP + 2MP | 16MP Front Camera,5000 mAh Lithium Polymer Battery,1 Year Manufacturer Warranty for Phone and 6 Months Warranty for In the Box Accessories,"₹24,999₹29,99916% offFree deliveryUpto ₹24,400 Off on ExchangeNo Cost EMI from ₹4,167/month"
14,itel it5029 Keypad Mobile|1200 mAh battery|Expandable Storage upto 32GB,3.865 Ratings & 6 Reviews,32 MB RAM | 32 MB ROM,6.1 cm (2.4 inch) Display,0.3MP Rear Camera,1200 mAh Battery,,"₹1,340₹1,79925% offFree deliveryBank Offer"
15,itel it5029 Keypad Mobile|1200 mAh battery|Expandable Storage upto 32GB,3.865 Ratings & 6 Reviews,32 MB RAM | 32 MB ROM,6.1 cm (2.4 inch) Display,0.3MP Rear Camera,1200 mAh Battery,,"₹1,340₹1,79925% offFree deliveryDaily SaverBank Offer"
16,"MOTOROLA G32 (Satin Maroon, 128 GB)","4.142,361 Ratings & 3,656 Reviews",8 GB RAM | 128 GB ROM,16.51 cm (6.5 inch) Full HD+ Display,50MP + 8MP + 2MP | 16MP Front Camera,5000 mAh Lithium Polymer Battery,1 Year on Handset and 6 Months on Accessories,"₹11,999₹18,99936% offFree deliveryUpto ₹10,800 Off on ExchangeBank Offer"
17,Nokia 125 TA-1253 DS,"43,575 Ratings & 233 Reviews",4 MB RAM | 4 MB ROM,6.1 cm (2.4 inch) Display,1020 mAh Lithium-ion Battery,MediaTek Processor,,"₹2,199₹2,3998% offFree deliveryBank Offer"
18,KARBONN K140 Pop,"3.95,461 Ratings & 466 Reviews",32 MB RAM | 32 MB ROM | Expandable Upto 16 GB,4.57 cm (1.8 inch) Display,0.3MP Rear Camera,1000 mAh Battery,,"₹999₹1,0908% offFree deliveryBank Offer"
19,"OPPO A58 (Dazzling Green, 128 GB)",3.5944 Ratings & 42 Reviews,6 GB RAM | 128 GB ROM | Expandable Upto 1 TB,17.07 cm (6.72 inch) Full HD+ Display,50MP + 2MP | 8MP Front Camera,5000 mAh Battery,1 Year Manufacturer Warranty for Phone and 6 Months Warranty for In the Box Accessories,"₹14,999₹15,4993% off"
20,"OPPO A58 (Glowing Black, 128 GB)","4.49,059 Ratings & 385 Reviews",6 GB RAM | 128 GB ROM | Expandable Upto 1 TB,17.07 cm (6.72 inch) Full HD+ Display,50MP + 2MP | 8MP Front Camera,5000 mAh Battery,1 Year Manufacturer Warranty for Phone and 6 Months Warranty for In the Box Accessories,"₹14,999₹15,4993% off"
21,Cellecor X3,"4.56,940 Ratings & 182 Reviews",32 MB RAM | 32 MB ROM | Expandable Upto 32 GB,4.57 cm (1.8 inch) Display,0.3MP Rear Camera,1000 mAh Battery,,"₹1,105₹1,74936% offFree deliveryDaily SaverBank Offer"
