,0,1,2,3,4,5,6,7
0,"APPLE iPhone 11 (Black, 128 GB)","4.61,99,217 Ratings & 11,360 Reviews",128 GB ROM,15.49 cm (6.1 inch) Liquid Retina HD Display,12MP + 12MP | 12MP Front Camera,A13 Bionic Chip Processor,,"₹44,999₹48,9007% offFree deliveryUpto ₹40,000 Off on ExchangeBank Offer"
1,"SAMSUNG GALAXY M13 (Aqua Green, 64 GB)","4.24,017 Ratings & 236 Reviews",4 GB RAM | 64 GB ROM,16.76 cm (6.6 inch) Display,50MP Rear Camera,6000 mAh Battery,,"₹10,799₹15,99932% offFree deliveryNo Cost EMI from ₹1,800/monthBank Offer"
2,LAVA Spark i8,"4.17,275 Ratings & 820 Reviews",32 MB RAM | 32 MB ROM | Expandable Upto 32 GB,7.11 cm (2.8 inch) QVGA Display,1.3MP Rear Camera,1200 mAh Battery,,"₹1,699₹1,89910% offFree deliveryBank Offer"
3,"REDMI Note 12 Pro 5G (Glacier Blue, 256 GB)",57 Ratings & 0 Reviews,12 GB RAM | 256 GB ROM,16.94 cm (6.67 inch) Full HD+ AMOLED Display,50MP (OIS) + 8MP + 2MP | 16MP Front Camera,5000 mAh Lithium Polymer Battery,1 Year Manufacturer Warranty for Phone and 6 Months Warranty for In the Box Accessories,"₹28,999₹32,99912% offFree deliveryUpto ₹26,450 Off on ExchangeNo Cost EMI from ₹4,834/month"
4,"SAMSUNG Galaxy M04 (Dark Blue, 128 GB)","4.14,719 Ratings & 285 Reviews",4 GB RAM | 128 GB ROM,16.51 cm (6.5 inch) HD+ Display,13MP + 2MP,5000 mAh Battery,1 year manufacturer warranty for device and 6 months manufacturer warranty for in-box accessories,"₹9,665₹13,49928% offFree deliveryNo Cost EMI from ₹1,611/monthBank Offer"
5,itel MagicX Play 4G| 1900 mAh battery| Expandable Storage upto 64GB,3.8203 Ratings & 31 Reviews,48 MB RAM | 128 MB ROM,4.57 cm (1.8 inch) Display,0.3MP Rear Camera,1900 mAh Battery,,"₹2,145₹2,69920% offFree deliveryBank Offer"
6,Snexian ROCK R7,3.7629 Ratings & 56 Reviews,32 MB RAM | 32 MB ROM | Expandable Upto 32 GB,4.57 cm (1.8 inch) VGA Display,0.3MP Rear Camera | 0.3MP Front Camera,1000 mAh Battery,,"₹999₹1,99950% offFree deliveryBank Offer"
7,"REDMI Note 11 SE (Thunder Purple, 64 GB)","4.347,331 Ratings & 2,869 Reviews",6 GB RAM | 64 GB ROM | Expandable Upto 512 GB,16.33 cm (6.43 inch) Full HD+ Display,64MP + 8MP + 2MP + 2MP | 13MP Front Camera,5000 mAh Lithium Polymer Battery,1 Year Manufacturer Warranty for Phone and 6 Months Warranty for In the Box Accessories,"₹13,990₹16,99917% offFree deliveryBank Offer"
8,Nokia 110,4.1170 Ratings & 7 Reviews,4 MB RAM | 4 MB ROM,4.5 cm (1.77 inch) Quarter QVGA Display,0.08MP Rear Camera,800 mAh Lithium Ion Battery,1 Year Manufacturer Warranty For Device and 6 Months Manufacturer Warranty For in-box Accessories Including Battery From The Date of Purchase,"₹1,699₹2,19922% offFree deliveryUpto ₹1,150 Off on ExchangeBank Offer"
9,"REDMI 12c (Mint Green, 6 GB)",3.554 Ratings & 3 Reviews,128 GB RAM | 6 GB ROM,17.04 cm (6.71 inch) Display,50MP Rear Camera,5000 mAh Battery,,"₹10,985₹15,99931% offFree deliveryNo Cost EMI from ₹1,831/monthBank Offer"
10,Nokia 2660 DS 4G Flip,"41,772 Ratings & 121 Reviews",128 MB RAM | 48 MB ROM,7.11 cm (2.8 inch) Display,0.3MP Rear Camera,1450 mAh Battery,,"₹4,999₹5,59910% offFree deliveryDaily SaverBank Offer"
11,"Google Pixel 7 (Snow, 128 GB)","4.35,620 Ratings & 784 Reviews",8 GB RAM | 128 GB ROM,16.0 cm (6.3 inch) Full HD+ Display,50MP + 12MP | 10.8MP Front Camera,4270 mAh Battery,NA,"₹49,999₹59,99916% offFree deliveryUpto ₹49,000 Off on ExchangeBank Offer"
12,"Infinix HOT 12 Play (Horizon Blue, 64 GB)","4.31,18,464 Ratings & 8,488 Reviews",4 GB RAM | 64 GB ROM | Expandable Upto 256 GB,17.32 cm (6.82 inch) HD+ Display,13MP + Depth Lens | 8MP Front Camera,6000 mAh Li-ion Polymer Battery,1 Year on Handset And 6 Months on Accessories,"₹8,999₹11,99925% offFree deliveryUpto ₹8,450 Off on ExchangeBank Offer"
13,KARBONN KX3,"42,141 Ratings & 143 Reviews",31 MB RAM | 32 MB ROM,4.57 cm (1.8 inch) Display,0.3MP Rear Camera,800 mAh Battery,,"₹989₹1,24920% offFree deliveryBank Offer"
14,"itel Vision3 (Multi Green, 32 GB)",4.2578 Ratings & 34 Reviews,2 GB RAM | 32 GB ROM,16.76 cm (6.6 inch) Display,8MP Rear Camera,5000 mAh Battery,,"₹5,990₹7,99925% offFree deliveryBank Offer"
15,"REDMI 12C (Mint Green, 64 GB)","4.21,774 Ratings & 98 Reviews",4 GB RAM | 64 GB ROM,17.04 cm (6.71 inch) Display,50MP Rear Camera,5000 mAh Battery,,"₹9,190₹10,99916% offFree deliveryNo Cost EMI from ₹1,532/monthBank Offer"
16,"POCO F5 5G (Carbon Black, 256 GB)","4.31,125 Ratings & 154 Reviews",12 GB RAM | 256 GB ROM,16.94 cm (6.67 inch) Full HD+ Display,64MP (OIS) + 8MP + 2MP | 16MP Front Camera,5000 mAh Battery,2 Year Manufacturer Warranty for Phone and 6 Months Warranty for In the Box Accessories,"₹30,999₹39,99922% offFree deliveryUpto ₹30,150 Off on ExchangeNo Cost EMI from ₹5,167/month"
17,LAVA Spark i8,"4.17,275 Ratings & 820 Reviews",32 MB RAM | 32 MB ROM | Expandable Upto 32 GB,7.11 cm (2.8 inch) QVGA Display,1.3MP Rear Camera,1200 mAh Battery,,"₹1,890₹1,899Free deliveryBank Offer"
18,"SAMSUNG Galaxy M33 5G (Emerald Brown, 128 GB)","4.211,651 Ratings & 845 Reviews",6 GB RAM | 128 GB ROM,16.74 cm (6.59 inch) Display,50MP Rear Camera,6000 mAh Battery,,"₹16,990₹24,99932% offFree deliveryNo Cost EMI from ₹2,832/monthBank Offer"
19,MU M5000,"3.92,615 Ratings & 325 Reviews",32 MB RAM | 32 MB ROM,7.11 cm (2.8 inch) Display,1.3MP Rear Camera,2500 mAh Battery,,"₹1,199₹1,99940% offFree deliveryBank Offer"
20,"OPPO A17K (Navy Blue, 64 GB)","4.56,940 Ratings & 182 Reviews",3 GB RAM | 64 GB ROM | Expandable Upto 2 TB,16.66 cm (6.56 inch) HD+ Display,8MP Rear Camera | 5MP Front Camera,5000 mAh Battery,1 Year on Handset and 6 Months on Accessories,"₹9,450₹12,99927% offFree deliveryBank Offer"
21,"SAMSUNG Galaxy M33 5G (Emarld Brown, 128 GB)","4.211,651 Ratings & 845 Reviews",6 GB RAM | 128 GB ROM,16.76 cm (6.6 inch) Display,50MP Rear Camera,6000 mAh Battery,,Price: Not Available
22,Nokia 106 4G 2023,3.757 Ratings & 3 Reviews,4 MB RAM | 4 MB ROM,4.5 cm (1.77 inch) Display,1450 mAh Battery,1 Year Manufacture Warranty For Device and 6 Months Manufacture Warranty For In-box Accessories Including batteries From the date of Purchase,,"₹2,645₹2,99911% offFree deliveryBank Offer"
23,"Tecno Spark Go 2023 (Nebula Purple, 64 GB)",4.1479 Ratings & 37 Reviews,3 GB RAM | 64 GB ROM | Expandable Upto 256 GB,16.66 cm (6.56 inch) HD+ Display,13MP Rear Camera | 5MP Front Camera,5000 mAh Battery,Domestic Warranty of 12 Months on Phone & 6 Months on Accessories,"₹7,745₹8,99913% offFree deliveryBank Offer"
