,0,1,2,3,4,5,6,7
0,"itel P40 (Force Black, 32 GB)",445 Ratings & 5 Reviews,3 GB RAM | 32 GB ROM,16.76 cm (6.6 inch) Display,13MP Rear Camera,6000 mAh Battery,,"₹6,799₹8,29918% offFree deliveryHot DealBank Offer"
1,Cellecor E8 Plus,3.6314 Ratings & 18 Reviews,32 MB RAM | 32 MB ROM,6.1 cm (2.4 inch) Display,0.8MP Rear Camera,2750 mAh Battery,,"₹1,302₹1,94933% offFree deliveryHot DealBank Offer"
2,"SAMSUNG Galaxy M33 5G (Deep Ocean Blue, 128 GB)","4.23,684 Ratings & 255 Reviews",8 GB RAM | 128 GB ROM,16.76 cm (6.6 inch) Display,50MP Rear Camera | 8MP Front Camera,6000 mAh Battery,,"₹18,900₹25,99927% offFree deliveryNo Cost EMI from ₹3,150/monthBank Offer"
3,Micromax X809,"3.75,646 Ratings & 491 Reviews",32 MB RAM | 32 MB ROM,7.11 cm (2.8 inch) Display,1MP Rear Camera,1000 mAh Battery,,"₹1,340₹1,99932% offFree deliveryBank Offer"
4,"Tecno POP 7 Pro (Uyuni Blue, 64 GB)",4.373 Ratings & 5 Reviews,4 GB RAM | 64 GB ROM,16.66 cm (6.56 inch) Display,13MP Rear Camera,5000 mAh Battery,,"₹7,499₹7,9996% offFree deliveryBank Offer"
5,"REDMI 12C (Lavender Purple, 64 GB)","4.21,774 Ratings & 98 Reviews",4 GB RAM | 64 GB ROM,17.04 cm (6.71 inch) Display,50MP Rear Camera,5000 mAh Battery,,"₹8,999₹13,99935% offFree deliveryBank Offer"
6,"Infinix HOT 12 Play (Horizon Blue, 64 GB)","4.31,18,464 Ratings & 8,488 Reviews",4 GB RAM | 64 GB ROM | Expandable Upto 256 GB,17.32 cm (6.82 inch) HD+ Display,13MP + Depth Lens | 8MP Front Camera,6000 mAh Li-ion Polymer Battery,1 Year on Handset And 6 Months on Accessories,"₹8,999₹11,99925% offFree deliveryUpto ₹8,450 Off on ExchangeBank Offer"
7,"REDMI A1+ (Black, 32 GB)","4.110,464 Ratings & 500 Reviews",3 GB RAM | 32 GB ROM | Expandable Upto 512 GB,16.56 cm (6.52 inch) HD+ Display,8MP Rear Camera | 5MP Front Camera,5000 mAh Lithium Polymer Battery,1 Year Manufacturer Warranty for Phone and 6 Months Warranty for in the Box Accessories,"₹8,499₹10,99922% offFree deliveryUpto ₹7,950 Off on ExchangeBank Offer"
8,Cellecor C9+,4.111 Ratings & 0 Reviews,32 MB RAM | 32 MB ROM,4.57 cm (1.8 inch) Display,1000 mAh Battery,1 Year Manufacturer Warranty,,"₹949₹1,34929% offFree deliveryBank Offer"
9,Nokia 110 (2023),4.118 Ratings & 0 Reviews,4 MB RAM | 4 MB ROM,4.57 cm (1.8 inch) Display,0.2MP Rear Camera,1000 mAh Battery,,"₹2,039₹2,0992% offFree deliveryBank Offer"
10,itel Power 200| 2500 mAh battery| Expandable Storage upto 32GB,3.511 Ratings & 0 Reviews,32 MB RAM | 32 MB ROM,4.57 cm (1.8 inch) Display,0.3MP Rear Camera,2500 mAh Battery,,"₹1,349₹1,74922% offFree deliveryDaily SaverBank Offer"
11,LAVA Spark i8 Dual Tone,"4.17,275 Ratings & 820 Reviews",32 MB RAM | 32 MB ROM | Expandable Upto 32 GB,7.11 cm (2.8 inch) QVGA Display,1.3MP Rear Camera,1200 mAh Battery,,"₹1,699₹1,99915% offFree deliveryBank Offer"
12,LAVA Spark i8,"4.17,275 Ratings & 820 Reviews",32 MB RAM | 32 MB ROM | Expandable Upto 32 GB,7.11 cm (2.8 inch) QVGA Display,1.3MP Rear Camera,1200 mAh Battery,,"₹1,890₹1,899Free deliveryBank Offer"
13,LAVA Spark i8,"3.94,460 Ratings & 539 Reviews",32 MB RAM | 32 MB ROM | Expandable Upto 32 GB,7.11 cm (2.8 inch) QVGA Display,1.3MP Rear Camera,1200 mAh Battery,,"₹1,849₹1,8992% offFree deliveryBank Offer"
14,MarQ by Flipkart M70 Shakti,"3.34,543 Ratings & 358 Reviews",32 MB RAM | 32 MB ROM | Expandable Upto 32 GB,6.1 cm (2.4 inch) QVGA Display,0.3MP Rear Camera,3000 mAh Li-ion Battery,,"₹1,599Free deliveryUpto ₹1,050 Off on ExchangeBank Offer"
15,Snexian Guru 106,3.7409 Ratings & 30 Reviews,32 MB RAM | 32 MB ROM,449.58 cm (177 inch) Display,1MP Rear Camera,850 mAh Battery,,"₹699₹1,49953% offFree deliveryBank Offer"
16,Jmax J32,4.315 Ratings & 0 Reviews,32 MB RAM | 32 MB ROM,4.57 cm (1.8 inch) Display,2MP Rear Camera,1050 mAh Battery,,"₹699₹1,19941% offFree deliveryBank Offer"
17,"itel S23 (Mystery White, 128 GB)",4.3192 Ratings & 19 Reviews,8 GB RAM | 128 GB ROM | Expandable Upto 1 TB,16.76 cm (6.6 inch) HD+ Display,50MP Rear Camera | 8MP Front Camera,5000 mAh Battery,1 Year Manufacturer Warranty for Device and 6 Months Manufacturer Warranty for In-Box Accessories,"₹8,499₹9,49910% offFree deliveryBank Offer"
18,"Tecno Camon 20 (Glacier Glow, 256 GB)","4.22,124 Ratings & 134 Reviews",8 GB RAM | 256 GB ROM,16.94 cm (6.67 inch) Display,64MP Rear Camera,5000 mAh Battery,,"₹14,998₹17,99916% offFree deliveryBank Offer"
19,"SAMSUNG Galaxy S20 FE 5G (Cloud Mint, 128 GB)",4.99 Ratings & 6 Reviews,8 GB RAM | 128 GB ROM,16.51 cm (6.5 inch) Display,12MP Rear Camera | 32MP Front Camera,4500 mAh Battery,,"₹26,795₹62,72557% offFree deliveryNo Cost EMI from ₹4,466/monthBank Offer"
20,Jmax Super 2,3.7190 Ratings & 24 Reviews,32 MB RAM | 32 MB ROM,4.57 cm (1.8 inch) Display,0.3MP Rear Camera,1100 mAh Battery,,"₹759₹1,29941% offFree deliveryBank Offer"
21,"Nokia C32 (Beach Pink, 128 GB)",445 Ratings & 5 Reviews,4 GB RAM | 128 GB ROM,16.55 cm (6.517 inch) Display,50MP Rear Camera | 2MP Front Camera,5000 mAh Battery,1 Year Replacement Guarantee for Device and 6 Months Manufacturer Warranty for In-Box Accessories Including Battery from the Date of Purchase,"₹9,999₹10,9999% offFree deliveryBank Offer"
22,"itel P40 (Dreamy Blue, 32 GB)",4.99 Ratings & 6 Reviews,3 GB RAM | 32 GB ROM,16.76 cm (6.6 inch) Display,13MP Rear Camera,6000 mAh Battery,,"₹6,598₹8,29920% offFree deliveryBank Offer"
