,0,1,2,3,4,5,6,7
0,"Infinix HOT 30 5G (Knight Black, 128 GB)","4.22,605 Ratings & 274 Reviews",8 GB RAM | 128 GB ROM | Expandable Upto 1 TB,17.22 cm (6.78 inch) Full HD+ Display,50 MP + AI Lens | 8MP Front Camera,6000 mAh Lithium Ion Polymer Battery,1 Year on Handset and 6 Months on Accessories,"₹13,499₹16,99920% offFree deliveryUpto ₹12,950 Off on ExchangeBank Offer"
1,"REDMI 10 (Midnight Black, 64 GB)","4.32,45,643 Ratings & 14,915 Reviews",4 GB RAM | 64 GB ROM,17.02 cm (6.7 inch) Display,50MP Rear Camera,6000 mAh Battery,,"₹10,490₹14,99930% offFree deliveryBank Offer"
2,"realme C33 2023 (Aqua Blue, 128 GB)","4.420,500 Ratings & 719 Reviews",4 GB RAM | 128 GB ROM | Expandable Upto 1 TB,16.51 cm (6.5 inch) HD+ Display,50MP + 0.3MP | 5MP Front Camera,5000 mAh Lithium Ion Battery,1 Year Manufacturer Warranty for Phone and 6 Months Warranty for In-Box Accessories,"₹10,499₹13,99925% offFree deliveryUpto ₹9,850 Off on ExchangeBank Offer"
3,"Tecno Pop 7 pro (?Uyuni Blue, 64 GB)",4117 Ratings & 4 Reviews,2 GB RAM | 64 GB ROM,16.66 cm (6.56 inch) Display,12MP Rear Camera,5000 mAh Battery,,"₹6,629₹7,99917% offFree deliveryBank Offer"
4,Snexian GURU 312,"3.43,599 Ratings & 251 Reviews",32 MB RAM | 32 MB ROM | Expandable Upto 16 GB,4.57 cm (1.8 inch) Quarter QVGA Display,0.3MP Rear Camera,800 mAh Battery,,₹670₹99932% offFree deliveryBank Offer
5,MarQ by Flipkart M70 Shakti,"3.94,460 Ratings & 539 Reviews",32 MB RAM | 32 MB ROM | Expandable Upto 32 GB,6.1 cm (2.4 inch) QVGA Display,0.3MP Rear Camera,3000 mAh Li-ion Battery,,"₹1,599Free deliveryUpto ₹1,050 Off on ExchangeBank Offer"
6,"POCO F5 5G (Electric Blue, 256 GB)","4.31,125 Ratings & 154 Reviews",12 GB RAM | 256 GB ROM,16.94 cm (6.67 inch) Full HD+ Display,64MP (OIS) + 8MP + 2MP | 16MP Front Camera,5000 mAh Battery,2 Year Manufacturer Warranty for Phone and 6 Months Warranty for In the Box Accessories,"₹30,999₹39,99922% offFree deliveryUpto ₹30,150 Off on ExchangeNo Cost EMI from ₹5,167/month"
7,Nokia 110 Dual Sim 2022,4.1266 Ratings & 15 Reviews,4 MB RAM | 4 MB ROM,4.5 cm (1.77 inch) Display,1MP Rear Camera,1000 mAh Battery,,"₹2,099Free deliveryBank Offer"
8,"itel A60 (VertMenthe, 32 GB)",4.1202 Ratings & 15 Reviews,2 GB RAM | 32 GB ROM,16.76 cm (6.6 inch) HD Display,8MP Rear Camera,5000 mAh Battery,1 Year Manufacturer Warranty for Device and 6 Months Manufacturer Warranty for In-box Accessories Including,"₹5,978₹7,19916% offFree deliveryBank Offer"
9,Micromax X415,"3.81,015 Ratings & 80 Reviews",32 MB RAM | 32 MB ROM,4.5 cm (1.77 inch) Display,0.03MP Rear Camera,1000 mAh Battery,,"₹1,068₹1,37422% offFree deliveryBank Offer"
10,"Tecno Pop 7 Pro (uyuni blue, 64 GB)",4.2101 Ratings & 2 Reviews,3 GB RAM | 64 GB ROM,16.66 cm (6.56 inch) Display,50MP Rear Camera,5000 mAh Battery,,"₹7,470₹8,99916% offFree deliveryBank Offer"
11,Snexian GURU 2163,3.3226 Ratings & 16 Reviews,32 MB RAM | 32 MB ROM,4.5 cm (1.77 inch) Display,1MP Rear Camera,850 mAh Battery,,₹699₹99930% offFree deliveryBank Offer
12,"Infinix Zero 20 (DEEP GRAY, 128 GB)","4.24,556 Ratings & 548 Reviews",8 GB RAM | 128 GB ROM | Expandable Upto 2 TB,17.02 cm (6.7 inch) Full HD+ Display,108MP + 13MP + 2MP | 60 MP with OIS,4500 mAh Lithium-ion Polymer Battery,1 Year on Handset and 6 Months on Accessories,"₹15,499₹24,99938% offFree deliveryUpto ₹14,650 Off on ExchangeBank Offer"
13,"IQOO Neo 7 5G (Interstellar Black, 256 GB)",4.4350 Ratings & 29 Reviews,12 GB RAM | 256 GB ROM,17.22 cm (6.78 inch) Display,64MP Rear Camera,5000 mAh Battery,,"₹33,565₹38,99913% offFree deliveryDaily SaverNo Cost EMI from ₹5,594/month"
14,"IQOO Neo 7 5G (Frost Blue, 256 GB)",4.4350 Ratings & 29 Reviews,12 GB RAM | 256 GB ROM,17.22 cm (6.78 inch) Display,64MP Rear Camera,5000 mAh Battery,,"₹33,738₹38,99913% offFree deliveryNo Cost EMI from ₹5,623/monthBank Offer"
15,"Infinix Zero 20 (Green Fantasy, 128 GB)","4.24,556 Ratings & 548 Reviews",8 GB RAM | 128 GB ROM | Expandable Upto 2 TB,17.02 cm (6.7 inch) Full HD+ Display,108MP + 13MP + 2MP | 60 MP with OIS,4500 mAh Lithium-ion Polymer Battery,1 Year on Handset and 6 Months on Accessories,"₹15,499₹24,99938% off"
16,"Tecno Spark Go 2023 (Orange, 64 GB)",4.2169 Ratings & 4 Reviews,4 GB RAM | 64 GB ROM,16.66 cm (6.56 inch) Display,13MP Rear Camera,5000 mAh Battery,,"₹7,957₹9,99920% offFree deliveryBank Offer"
17,Kechaoda K28,"4.13,241 Ratings & 268 Reviews",32 MB RAM | 64 MB ROM | Expandable Upto 16 GB,6.1 cm (2.4 inch) QVGA Display,0.3MP Rear Camera,1700 mAh Battery,,"₹1,299₹1,99935% offFree deliveryBank Offer"
18,Kechaoda K28,"4.13,241 Ratings & 268 Reviews",32 MB RAM | 64 MB ROM | Expandable Upto 16 GB,6.1 cm (2.4 inch) QVGA Display,0.3MP Rear Camera,1700 mAh Battery,,"₹1,270₹1,49915% offFree deliveryBank Offer"
19,Micromax X809,"3.75,646 Ratings & 491 Reviews",32 MB RAM | 32 MB ROM,7.11 cm (2.8 inch) Display,1MP Rear Camera,1000 mAh Battery,,"₹1,399₹1,99930% offFree deliveryBank Offer"
20,MarQ by Flipkart M70 Shakti,"3.94,460 Ratings & 539 Reviews",32 MB RAM | 32 MB ROM | Expandable Upto 32 GB,6.1 cm (2.4 inch) QVGA Display,0.3MP Rear Camera,3000 mAh Li-ion Battery,,"₹1,599Free deliveryUpto ₹1,050 Off on ExchangeBank Offer"
21,I Kall K3310,"3.663,863 Ratings & 7,361 Reviews",32 MB RAM | 31 MB ROM,4.5 cm (1.77 inch) Display,0.3MP Rear Camera,1000 mAh Battery,,₹744Free deliveryBank Offer
22,"OPPO A78 5G (Glowing Blue, 128 GB)","4.42,030 Ratings & 103 Reviews",8 GB RAM | 128 GB ROM,16.66 cm (6.56 inch) Display,13MP Rear Camera | 8MP Front Camera,5000 mAh Battery,,"₹17,847₹21,99918% offFree deliveryNo Cost EMI from ₹2,975/monthBank Offer"
23,"Tecno Spark Go 2023 (UYUNI BLUE, 32+3 GB)",4.1479 Ratings & 37 Reviews,3 GB RAM | 32+3 GB ROM,16.66 cm (6.56 inch) Display,13MP Rear Camera,5000 mAh Battery,,"₹6,633₹8,29920% offFree deliveryBank Offer"
