,0,1,2,3,4,5,6,7
0,"Infinix Zero 5G 2023 TURBO (Coral Orange, 256 GB)","43,512 Ratings & 442 Reviews",8 GB RAM | 256 GB ROM | Expandable Upto 256 GB,17.22 cm (6.78 inch) Full HD+ Display,50MP + 2MP + 2MP | 16MP Front Camera,5000 mAh Lithium-ion Polymer Battery,1 Year on Handset and 6 Months on Accessories,"₹16,999₹24,99932% offFree deliveryBank Offer"
1,"realme GT 2 (Paper Green, 256 GB)","4.41,424 Ratings & 185 Reviews",12 GB RAM | 256 GB ROM,16.81 cm (6.62 inch) Full HD+ AMOLED Display,50MP + 8MP + 2MP | 16MP Front Camera,5000 mAh Lithium Ion Battery,1 Year Manufacturer Warranty for Phone and 6 Months Warranty for In-Box Accessories,"₹28,999₹44,99935% offFree deliveryBank Offer"
2,"REDMI Note 12 Pro 5G (Stardust Purple, 128 GB)","4.215,412 Ratings & 1,450 Reviews",8 GB RAM | 128 GB ROM,16.94 cm (6.67 inch) Full HD+ AMOLED Display,50MP (OIS) + 8MP + 2MP | 16MP Front Camera,5000 mAh Lithium Polymer Battery,1 Year Manufacturer Warranty for Phone and 6 Months Warranty for In the Box Accessories,"₹24,999₹29,99916% offFree deliveryNo Cost EMI from ₹4,167/monthBank Offer"
3,"realme GT 2 (Paper Green, 128 GB)","4.316,270 Ratings & 1,786 Reviews",8 GB RAM | 128 GB ROM,16.81 cm (6.62 inch) Full HD+ AMOLED Display,50MP + 8MP + 2MP | 16MP Front Camera,5000 mAh Lithium Ion Battery,1 Year Manufacturer Warranty for Phone and 6 Months Warranty for In-Box Accessories,"₹24,999₹39,99937% offFree deliveryBank Offer"
4,"realme 9i 5G (Soulful Blue, 64 GB)","4.551,675 Ratings & 2,552 Reviews",4 GB RAM | 64 GB ROM | Expandable Upto 1 TB,16.76 cm (6.6 inch) Full HD+ Display,50MP + 2MP + 2MP | 8MP Front Camera,5000 mAh Lithium Ion Battery,1 Year Manufacturer Warranty for Phone and 6 Months Warranty for In-Box Accessories,"₹14,999₹17,99916% offFree deliveryNo Cost EMI from ₹2,500/monthBank Offer"
5,"Tecno Spark 10c (Meta Blue, 128 GB)",4166 Ratings & 5 Reviews,8 GB RAM | 128 GB ROM | Expandable Upto 1 TB,16.76 cm (6.6 inch) HD+ Display,16MP Rear Camera | 8MP Front Camera,5000 mAh Battery,1 Year Manufacturer Warranty for Device and 6 Months Manufacturer Warranty for In-Box Accessories,"₹9,899₹12,49820% offFree deliveryBank Offer"
6,Nokia 150 DS 2020,"4.124,632 Ratings & 1,850 Reviews",4 MB RAM | 4 MB ROM | Expandable Upto 32 GB,6.1 cm (2.4 inch) Display,0.3MP Rear Camera,1020 mAh Lithium-ion Battery,1 Year Manufacturer Warranty for Device and 6 Months Manufacturer Warranty for In-box Accessories Including Batteries from the Date of Purchase,"₹2,998₹2,999Free deliveryHot DealBank Offer"
7,Energizer Hardcase E100,"3.82,124 Ratings & 239 Reviews",32 MB RAM | 32 MB ROM | Expandable Upto 8 GB,6.1 cm (2.4 inch) Display,0.3MP Rear Camera,1500 mAh Lithium-ion Battery,1 Year Manufacturer Warranty for Device and 6 Months Manufacturer Warranty for In-box Accessories Including Batteries from the Date of Purchase,"₹1,199₹1,49920% offFree deliveryBank Offer"
8,"SAMSUNG Galaxy F34 5G (Electric Black, 128 GB)",4.121 Ratings & 2 Reviews,8 GB RAM | 128 GB ROM | Expandable Upto 1 TB,16.51 cm (6.5 inch) Full HD+ Display,50MP (OIS) + 8MP + 2MP | 13MP Front Camera,6000 mAh Battery,1 Year Manufacturer Warranty for Device and 6 Months Manufacturer Warranty for In-Box Accessories,"₹20,999₹25,99919% offFree deliveryNo Cost EMI from ₹2,334/monthBank Offer"
9,"SAMSUNG Galaxy F34 5G (Mystic Green, 128 GB)",4.121 Ratings & 2 Reviews,8 GB RAM | 128 GB ROM | Expandable Upto 1 TB,16.51 cm (6.5 inch) Full HD+ Display,50MP (OIS) + 8MP + 2MP | 13MP Front Camera,6000 mAh Battery,1 Year Manufacturer Warranty for Device and 6 Months Manufacturer Warranty for In-Box Accessories,"₹20,999₹25,99919% offFree deliveryNo Cost EMI from ₹2,334/monthBank Offer"
10,DIZO Star 300,"3.910,735 Ratings & 1,238 Reviews",32 MB RAM | 32 MB ROM | Expandable Upto 64 GB,4.5 cm (1.77 inch) Quarter QVGA Display,0.3MP Rear Camera,2550 mAh Battery,1 Year Warranty,"₹1,299₹1,49913% offFree deliveryBank Offer"
11,"realme GT NEO 2 (NEO Black, 256 GB)","4.44,586 Ratings & 643 Reviews",12 GB RAM | 256 GB ROM,16.81 cm (6.62 inch) Full HD+ Display,64MP + 8MP + 2MP | 16MP Front Camera,5000 mAh Battery,1 Year Warranty for Mobile and 6 Months for Accessories,"₹25,999₹38,99933% offFree deliveryLowest price in the yearBank Offer"
12,LAVA A1 2021,"4.12,353 Ratings & 212 Reviews",0 MB ROM | Expandable Upto 32 GB,4.5 cm (1.77 inch) Display,0.3MP Rear Camera,800 mAh Li-ion Battery,,"₹1,149₹1,49923% offFree deliveryHot DealBank Offer"
13,itel it2163s,4289 Ratings & 15 Reviews,32 MB RAM | 32 MB ROM,4.57 cm (1.8 inch) Display,0.3MP Rear Camera,1200 mAh Battery,,"₹1,039₹1,42927% offFree deliveryBank Offer"
14,"REDMI 12 5G (Moonstone Silver, 128 GB)","4.22,124 Ratings & 134 Reviews",6 GB RAM | 128 GB ROM,17.25 cm (6.79 inch) Display,50MP Rear Camera,5000 mAh Battery,,"₹17,999Free deliveryBank Offer"
15,"REDMI 12 5G (Jade Black, 128 GB)","4.211,408 Ratings & 859 Reviews",6 GB RAM | 128 GB ROM,17.25 cm (6.79 inch) Full HD Display,50MP Rear Camera,5000 mAh Battery,,"₹17,999Free deliveryBank Offer"
16,"SAMSUNG Galaxy S20 FE 5G (Cloud Navy, 128 GB)","4.211,446 Ratings & 1,637 Reviews",8 GB RAM | 128 GB ROM,16.51 cm (6.5 inch) Display,12MP Rear Camera | 32MP Front Camera,4500 mAh Battery,,"₹26,770₹65,99959% offFree deliveryNo Cost EMI from ₹4,462/monthBank Offer"
17,"SAMSUNG Galaxy F14 5G (GOAT Green, 128 GB)","4.55,119 Ratings & 403 Reviews",4 GB RAM | 128 GB ROM | Expandable Upto 1 TB,16.76 cm (6.6 inch) Full HD+ Display,50MP + 2MP | 13MP Front Camera,6000 mAh Battery,1 Year Manufacturer Warranty for Device and 6 Months Manufacturer Warranty for In-Box Accessories,"₹13,990₹17,49020% offFree deliveryNo Cost EMI from ₹1,555/monthBank Offer"
18,"Infinix Note 30 5G (Magic Black, 256 GB)","4.55,119 Ratings & 403 Reviews",8 GB RAM | 256 GB ROM | Expandable Upto 2 TB,17.22 cm (6.78 inch) Full HD+ Display,108 MP + 2 MP+ AI Lens | 16MP Front Camera,5000 mAh Li-ion Polymer Battery,1 Year on Handset and 6 Months on Accessories,"₹15,999₹19,99920% off"
19,"OnePlus 11R 5G (Galactic Silver, 256 GB)","4.11,611 Ratings & 185 Reviews",16 GB RAM | 256 GB ROM,17.02 cm (6.7 inch) Display,50MP Rear Camera | 16MP Front Camera,5000 mAh Battery,,"₹43,500₹44,9993% offFree deliveryBank Offer"
20,"OnePlus 11R 5G (Sonic Black, 256 GB)","3.917,516 Ratings & 1,439 Reviews",16 GB RAM | 256 GB ROM,17.02 cm (6.7 inch) Display,50MP Rear Camera,5000 mAh Battery,,"₹43,290₹44,9993% offFree deliveryBank Offer"
