,0,1,2,3,4,5,6,7
0,Micromax J2,3.8784 Ratings & 50 Reviews,32 MB RAM | 32 MB ROM,4.5 cm (1.77 inch) Display,800 mAh Battery,One Year Manufacture Warranty,,"₹999₹1,54935% offFree deliveryBank Offer"
1,"OPPO A57 (Glowing Green, 64 GB)","4.43,388 Ratings & 156 Reviews",4 GB RAM | 64 GB ROM | Expandable Upto 1 TB,16.66 cm (6.56 inch) HD+ Display,13MP + 2MP | 8MP Front Camera,5000 mAh Lithium-ion Polymer Battery,1 Year Warranty for Phone and 6 Months Warranty for In-Box Accessories,"₹13,999₹16,99017% offFree deliveryNo Cost EMI from ₹4,667/monthBank Offer"
2,Kechaoda K28,"4.13,241 Ratings & 268 Reviews",32 MB RAM | 64 MB ROM | Expandable Upto 16 GB,6.1 cm (2.4 inch) QVGA Display,0.3MP Rear Camera,1700 mAh Battery,,"₹1,255Free deliveryBank Offer"
3,Micromax J2,3.8784 Ratings & 50 Reviews,32 MB RAM | 32 MB ROM,4.5 cm (1.77 inch) Display,800 mAh Battery,One Year Manufacture Warranty,,"₹970₹1,54937% offFree deliveryBank Offer"
4,"REDMI 10A SPORT (SLATE GREY, 128 GB)","41,322 Ratings & 84 Reviews",6 GB RAM | 128 GB ROM,16.59 cm (6.53 inch) Display,13MP Rear Camera,5000 mAh Battery,,"₹10,999₹13,99921% offFree deliveryBank Offer"
5,Micromax X415,"3.91,727 Ratings & 114 Reviews",56 MB RAM | 36 MB ROM,4.5 cm (1.77 inch) Display,0.03MP Rear Camera,1000 mAh Battery,,"₹949₹1,47935% offFree deliveryBank Offer"
6,"REDMI 10 Prime 2022 (Phantom Black, 64 GB)","4.23,822 Ratings & 246 Reviews",4 GB RAM | 64 GB ROM,16.51 cm (6.5 inch) Display,50MP Rear Camera,6000 mAh Battery,,"₹11,980₹14,99920% offFree deliveryBank Offer"
7,itel ace-2young,3.86 Ratings & 0 Reviews,16 MB RAM | 16 MB ROM,4.57 cm (1.8 inch) Display,5MP Rear Camera,1000 mAh Battery,,"₹899₹1,39935% offFree deliveryBank Offer"
8,"REDMI Note 11 (Starburst White, 64 GB)","4.22,478 Ratings & 174 Reviews",6 GB RAM | 64 GB ROM,16.33 cm (6.43 inch) Display,50MP Rear Camera | 13MP Front Camera,5000 mAh Battery,,"₹13,460₹18,99929% offFree deliveryBank Offer"
9,"REDMI Note 11 (Space Black, 64 GB)","4.22,478 Ratings & 174 Reviews",6 GB RAM | 64 GB ROM,16.33 cm (6.43 inch) Display,50MP Rear Camera,5000 mAh Battery,,"₹13,390₹18,99929% offFree deliveryBank Offer"
10,"REDMI Note 11 (Horizon Blue, 64 GB)","4.22,478 Ratings & 174 Reviews",6 GB RAM | 64 GB ROM,16.33 cm (6.43 inch) Display,50MP Rear Camera,5000 mAh Battery,,"₹12,980₹18,99931% offFree deliveryBank Offer"
11,"realme C25s (Watery Blue, 64 GB)","4.452,824 Ratings & 3,017 Reviews",4 GB RAM | 64 GB ROM | Expandable Upto 256 GB,16.51 cm (6.5 inch) HD+ Display,13MP + 2MP + 2MP | 8MP Front Camera,6000 mAh Battery,1 Year Warranty for Mobile and 6 Months for Accessories,"₹8,999₹10,99918% offFree deliveryBank Offer"
12,Nokia 215 4G DS 2020,"3.83,194 Ratings & 304 Reviews",64 MB RAM | 128 MB ROM | Expandable Upto 32 GB,6.1 cm (2.4 inch) QVGA Display,1150 mAh Lithium-ion Battery,Unisoc Processor,,"₹3,499₹3,5992% offFree deliveryBank Offer"
13,"REDMI 10 (Sunrise Orange, 64 GB)","4.32,45,643 Ratings & 14,915 Reviews",4 GB RAM | 64 GB ROM | Expandable Upto 1 TB,17.02 cm (6.7 inch) HD+ Display,50MP + 2MP | 5MP Front Camera,6000 mAh Lithium Polymer Battery,1 Year Warranty for Phone and 6 Months Warranty for In-Box Accessories,"₹9,999₹14,99933% offFree deliveryBank Offer"
14,Kechaoda A 31,3.9339 Ratings & 17 Reviews,32 MB RAM | 32 MB ROM,3.66 cm (1.44 inch) Display,0.3MP Rear Camera,800 mAh Battery,,"₹1,200₹1,2997% offFree deliveryBank Offer"
15,Kechaoda A 31,3.9339 Ratings & 17 Reviews,32 MB RAM | 32 MB ROM,3.66 cm (1.44 inch) Display,0.3MP Rear Camera,800 mAh Battery,,"₹1,200₹1,59924% offFree deliveryHot DealBank Offer"
16,"realme Narzo 50i (Carbon Black, 64 GB)","4.363,489 Ratings & 3,520 Reviews",4 GB RAM | 64 GB ROM | Expandable Upto 256 GB,16.51 cm (6.5 inch) Display,8MP Rear Camera | 5MP Front Camera,5000 mAh Battery,1 Year Warranty for Mobile and 6 Months for Accessories,"₹8,999₹9,99910% off"
17,Micromax X415,"3.81,015 Ratings & 80 Reviews",32 MB RAM | 32 MB ROM,4.5 cm (1.77 inch) Display,0.03MP Rear Camera,1000 mAh Battery,,"₹1,068₹1,37422% offFree deliveryBank Offer"
18,Kechaoda K33,"49,007 Ratings & 582 Reviews",32 MB RAM | 32 MB ROM,3.56 cm (1.4 inch) Display,0.3MP Rear Camera,800 mAh Battery,,"₹1,120₹1,59929% offFree deliveryBank Offer"
19,"Tecno Spark Go 2023 (Endless Black, 64 GB)",4.1479 Ratings & 37 Reviews,3 GB RAM | 64 GB ROM | Expandable Upto 256 GB,16.66 cm (6.56 inch) HD+ Display,13MP Rear Camera | 5MP Front Camera,5000 mAh Battery,Domestic Warranty of 12 Months on Phone & 6 Months on Accessories,"₹7,390₹8,99917% offFree deliveryDaily SaverBank Offer"
20,I Kall K100,"3.37,151 Ratings & 638 Reviews",32 MB RAM | 32 MB ROM | Expandable Upto 8 GB,4.57 cm (1.8 inch) Display,1000 mAh Battery,12 Months,,₹719₹99928% offFree deliveryBank Offer
21,"realme Narzo 50i (Carbon Black, 32 GB)","4.51,24,574 Ratings & 4,955 Reviews",2 GB RAM | 32 GB ROM | Expandable Upto 256 GB,16.51 cm (6.5 inch) Display,8MP Rear Camera | 5MP Front Camera,5000 mAh Battery,1 Year Warranty for Mobile and 6 Months for Accessories,"₹7,499₹7,9996% off"
22,SAREGAMA Carvaan Feature Phone Bengali Don M12 with 1000 Pre-Loaded Songs,46 Ratings & 2 Reviews,32 MB RAM | 1.3 GB ROM,4.57 cm (1.8 inch) Display,800 mAh Battery,1 year warranty only against manufacturing defects,,"₹1,750Free deliveryBank Offer"
23,"REDMI 10 (Shadow Black, 64 GB)","4.32,45,643 Ratings & 14,915 Reviews",4 GB RAM | 64 GB ROM | Expandable Upto 1 TB,17.02 cm (6.7 inch) HD+ Display,50MP + 2MP | 5MP Front Camera,6000 mAh Lithium Polymer Battery,1 Year Warranty for Phone and 6 Months Warranty for In-Box Accessories,"₹9,999₹14,99933% offFree deliveryBank Offer"
