,0,1,2,3,4,5,6,7
0,Nokia 105 DS,"4.218,309 Ratings & 1,808 Reviews",4 MB RAM | 4 MB ROM,4.57 cm (1.8 inch) Display,1000 mAh Battery,1 Year Manufacturer Warranty,,"₹1,515₹1,69910% offFree deliveryBank Offer"
1,"SAMSUNG GALAXY M13 5G (Stardust Brown, 64 GB)","4.21,072 Ratings & 61 Reviews",4 GB RAM | 64 GB ROM,16.51 cm (6.5 inch) Display,50MP Rear Camera,5000 mAh Battery,,"₹12,990₹16,99923% offFree deliveryBank Offer"
2,"itel A60 (SapphireBlack, 32 GB)",4.1202 Ratings & 16 Reviews,2 GB RAM | 32 GB ROM,16.76 cm (6.6 inch) HD Display,8MP Rear Camera,5000 mAh Battery,1 Year Manufacturer Warranty for Device and 6 Months Manufacturer Warranty for In box Accessories Including,"₹5,985₹7,19916% offFree deliveryHot DealBank Offer"
3,"Nokia G11 Plus TA-1438 DS (Grey, 64 GB)",3.5590 Ratings & 90 Reviews,4 GB RAM | 64 GB ROM,16.55 cm (6.517 inch) Display,50MP Rear Camera,5000 mAh Battery,,"₹8,800₹13,99937% offFree deliveryBank Offer"
4,I Kall K26,4289 Ratings & 15 Reviews,32 MB RAM | 32 MB ROM,4.5 cm (1.77 inch) Display,0.3MP Rear Camera,1000 mAh Battery,,"₹749₹1,34944% offFree deliveryBank Offer"
5,itel it2163s,"4.110,464 Ratings & 522 Reviews",32 MB RAM | 32 MB ROM,4.57 cm (1.8 inch) Display,0.3MP Rear Camera,1200 mAh Battery,,"₹1,190₹1,49920% offBank Offer"
6,"REDMI A1+ (Black, 32 GB)","4.21,678 Ratings & 153 Reviews",3 GB RAM | 32 GB ROM | Expandable Upto 512 GB,16.56 cm (6.52 inch) HD+ Display,8MP Rear Camera | 5MP Front Camera,5000 mAh Lithium Polymer Battery,1 Year Manufacturer Warranty for Phone and 6 Months Warranty for in the Box Accessories,"₹8,499₹10,99922% offFree deliveryUpto ₹7,950 Off on ExchangeBank Offer"
7,"SAMSUNG Galaxy A34 5G (Awesome Graphite, 256 GB)","4.31,906 Ratings & 121 Reviews",8 GB RAM | 256 GB ROM | Expandable Upto 1 TB,16.76 cm (6.6 inch) Full HD+ Display,48MP + 8MP + 5MP | 13MP Front Camera,5000 mAh Li-ion Battery Battery,1 year manufacturer warranty for device and 6 months manufacturer warranty for in-box accessories,"₹32,999₹39,49916% offFree deliveryUpto ₹32,050 Off on ExchangeBank Offer"
8,"IQOO Z6 Lite 5G (With Charger) (Stellar Green, 128 GB)","4.645,294 Ratings & 1,805 Reviews",6 GB RAM | 128 GB ROM,16.97 cm (6.68 inch) Display,50MP Rear Camera,5000 mAh Battery,,"₹15,289₹18,99919% offFree deliveryBank Offer"
9,"APPLE iPhone 14 ((PRODUCT)RED, 128 GB)","3.91,462 Ratings & 270 Reviews",128 GB ROM,15.49 cm (6.1 inch) Super Retina XDR Display,12MP + 12MP | 12MP Front Camera,"A15 Bionic Chip, 6 Core Processor Processor",,"₹67,999₹79,90014% offFree deliveryDaily SaverUpto ₹61,000 Off on Exchange"
10,Good One G5605N,"4.35,620 Ratings & 805 Reviews",32 MB RAM | 32 MB ROM | Expandable Upto 32 GB,4.57 cm (1.8 inch) Display,2MP Rear Camera,2500 mAh Battery,,"₹999₹1,99950% offFree deliveryBank Offer"
11,"Google Pixel 7 (Lemongrass, 128 GB)","4.614,064 Ratings & 879 Reviews",8 GB RAM | 128 GB ROM,16.0 cm (6.3 inch) Full HD+ Display,50MP + 12MP | 10.8MP Front Camera,4270 mAh Battery,1 Year Domestic Warranty,"₹49,999₹59,99916% offFree deliveryUpto ₹49,000 Off on ExchangeBank Offer"
12,"APPLE iPhone 14 Plus (Purple, 128 GB)","3.94,460 Ratings & 546 Reviews",128 GB ROM,17.02 cm (6.7 inch) Super Retina XDR Display,12MP + 12MP | 12MP Front Camera,"A15 Bionic Chip, 6 Core Processor Processor",,"₹77,999₹89,90013% offFree deliveryDaily SaverUpto ₹61,000 Off on Exchange"
13,MarQ by Flipkart M70 Shakti,"3.914,674 Ratings & 943 Reviews",32 MB RAM | 32 MB ROM | Expandable Upto 32 GB,6.1 cm (2.4 inch) QVGA Display,0.3MP Rear Camera,3000 mAh Li-ion Battery,,"₹1,599Free deliveryUpto ₹1,050 Off on ExchangeBank Offer"
14,Kechaoda K10,"4.61,90,310 Ratings & 12,877 Reviews",32 MB RAM | 32 MB ROM,1.68 cm (0.66 inch) NA Display,300 mAh Battery,1 Year Manufacturer Warranty,,"₹1,080₹1,29016% offFree deliveryBank Offer"
15,"APPLE iPhone 12 (White, 128 GB)",4.138 Ratings & 2 Reviews,128 GB ROM,15.49 cm (6.1 inch) Super Retina XDR Display,12MP + 12MP | 12MP Front Camera,A14 Bionic Chip with Next Generation Neural Engine Processor,Industry-leading IP68 Water Resistance,"₹58,999₹64,9009% offFree deliveryUpto ₹53,000 Off on ExchangeBank Offer"
16,Cellecor E3+,468 Ratings & 9 Reviews,32 MB RAM | 32 MB ROM | Expandable Upto 32 GB,4.57 cm (1.8 inch) Display,0.8MP Rear Camera,1000 mAh Battery,,"₹1,034₹1,74940% offFree deliveryDaily SaverBank Offer"
17,SAREGAMA Carvaan Mobile Hindi Don M12 with 1000 Pre-Loaded Songs,"4.35,620 Ratings & 805 Reviews",32 MB RAM | 1.30 GB ROM,4.57 cm (1.8 inch) Display,800 mAh Battery,12 months warranty against manufacturing defects,,"₹1,750Free deliveryBank Offer"
18,"Google Pixel 7 (Obsidian, 128 GB)","4.131,534 Ratings & 2,360 Reviews",8 GB RAM | 128 GB ROM,16.0 cm (6.3 inch) Full HD+ Display,50MP + 12MP | 10.8MP Front Camera,4270 mAh Battery,1 Year Domestic Warranty,"₹49,999₹59,99916% offFree deliveryUpto ₹49,000 Off on ExchangeBank Offer"
19,Kechaoda K115,3.4492 Ratings & 42 Reviews,32 MB RAM | 32 MB ROM,3.66 cm (1.44 inch) QVGA Display,0.3MP Rear Camera,850 mAh Battery,,₹899Free deliveryBank Offer
20,HOTLINE H312,"3.83,194 Ratings & 304 Reviews",32 MB RAM | 32 MB ROM,4.57 cm (1.8 inch) Display,0.3MP Rear Camera,1000 mAh Battery,,₹649₹99935% offFree deliveryBank Offer
21,Nokia 215 4G DS 2020,"4.357,471 Ratings & 3,897 Reviews",64 MB RAM | 128 MB ROM | Expandable Upto 32 GB,6.1 cm (2.4 inch) QVGA Display,1150 mAh Lithium-ion Battery,Unisoc Processor,,"₹3,499₹3,5992% offFree deliveryBank Offer"
22,"Redmi 6A (Black, 16 GB)",3.6869 Ratings & 62 Reviews,2 GB RAM | 16 GB ROM | Expandable Upto 128 GB,13.84 cm (5.45 inch) Display,13MP Rear Camera | 5MP Front Camera,3000 mAh Battery,,"₹6,408₹6,9998% offFree deliveryBank Offer"
