,0,1,2,3,4,5,6,7
0,"REDMI 12 5G (Jade Black, 128 GB)",3.9924 Ratings & 63 Reviews,4 GB RAM | 128 GB ROM,17.25 cm (6.79 inch) Full HD Display,50MP Rear Camera,5000 mAh Battery,,"₹15,999Free deliveryBank Offer"
1,KARBONN K9 Yuva,4.3920 Ratings & 52 Reviews,64 MB RAM | 32 KB ROM,4.57 cm (1.8 inch) QVGA Display,2MP Rear Camera,2502 mAh Battery,,"₹1,299₹1,49012% offFree deliveryBank Offer"
2,"realme Narzo N53 (Feather Gold, 64 GB)","4.310,133 Ratings & 682 Reviews",4 GB RAM | 64 GB ROM,17.12 cm (6.74 inch) Display,50MP Rear Camera,5000 mAh Battery,,"₹10,480₹10,9994% offFree deliveryBank Offer"
3,"realme 9i 5G (Soulful Blue, 128 GB)","48,047 Ratings & 572 Reviews",6 GB RAM | 128 GB ROM | Expandable Upto 1 TB,16.76 cm (6.6 inch) Full HD+ Display,50MP + 2MP + 2MP | 8MP Front Camera,5000 mAh Lithium Ion Battery,1 Year Manufacturer Warranty for Phone and 6 Months Warranty for In-Box Accessories,"₹16,999₹19,99915% offFree deliveryUpto ₹16,350 Off on ExchangeNo Cost EMI from ₹2,834/month"
4,Kechaoda A27,"425,611 Ratings & 1,997 Reviews",32 MB RAM | 32 MB ROM | Expandable Upto 16 GB,1.68 cm (0.66 inch) Display,800 mAh Battery,1 Year Warranty,,"₹998₹1,59937% offFree deliveryBank Offer"
5,Nokia 110 TA-1302 DS,4.1659 Ratings & 30 Reviews,4 MB RAM | 4 MB ROM | Expandable Upto 32 MB,4.5 cm (1.77 inch) QVGA Display,1MP Rear Camera,800 mAh Battery,,"₹1,888₹1,899Free deliveryBank Offer"
6,"realme Narzo 50i Prime (Mint Green, 64 GB)","3.918,427 Ratings & 1,335 Reviews",4 GB RAM | 64 GB ROM,16.51 cm (6.5 inch) Display,8MP Rear Camera | 5MP Front Camera,5000 mAh Battery,1 Year Domestic Warranty for Phone and 6 Months Warranty for In-Box Accessories,"₹8,680₹9,99913% offFree deliveryBank Offer"
7,Kechaoda K66 The Music House 4,4675 Ratings & 54 Reviews,32 MB RAM | 64 MB ROM,4.57 cm (1.8 inch) Quarter QVGA Display,1.3MP Rear Camera,400 mAh Battery,,"₹1,290₹1,99935% offFree deliveryBank Offer"
8,itel MagicX 4G| 1200 mAh battery| Expanadable Storage upto 64GB,"4.419,969 Ratings & 2,227 Reviews",48 MB RAM | 128 MB ROM,6.1 cm (2.4 inch) Display,0.3MP Rear Camera,1200 mAh Battery,,"₹2,162₹2,89925% offFree deliveryDaily SaverBank Offer"
9,"vivo V27 5G (Magic Blue, 128 GB)","4.35,838 Ratings & 843 Reviews",8 GB RAM | 128 GB ROM,17.22 cm (6.78 Inch) Full HD+ AMOLED Display,50MP (OIS) + 8MP + 2MP | 50MP Front Camera,4600 mAh Battery,1 Year Brand Warranty,"₹32,999₹36,99910% offFree deliveryUpto ₹32,050 Off on ExchangeNo Cost EMI from ₹5,500/month"
10,"POCO F5 5G (Snowstorm White, 256 GB)","4.17,443 Ratings & 640 Reviews",8 GB RAM | 256 GB ROM,16.94 cm (6.67 inch) Full HD+ Display,64MP (OIS) + 8MP + 2MP | 16MP Front Camera,5000 mAh Battery,2 Year Manufacturer Warranty for Phone and 6 Months Warranty for In the Box Accessories,"₹27,999₹34,99920% offFree deliveryUpto ₹27,000 Off on ExchangeNo Cost EMI from ₹4,667/month"
11,"Infinix Hot 20 5G (Racing Black, 128 GB)","4.11,139 Ratings & 90 Reviews",6 GB RAM | 128 GB ROM | Expandable Upto 1 TB,16.76 cm (6.6 inch) Full HD+ Display,50MP + AI Lens | 8MP Front Camera,5000 mAh Li-ion Polymer Battery,1 Year on Handset and 6 Months on Accessories,"₹13,499₹19,99932% offFree deliveryUpto ₹12,950 Off on ExchangeBank Offer"
12,"REDMI Note 12 5G (Sunrise Gold, 256 GB)","4.44,586 Ratings & 643 Reviews",8 GB RAM | 256 GB ROM | Expandable Upto 1 TB,16.94 cm (6.67 inch) Full HD+ AMOLED Display,48MP + 8MP + 2MP | 13MP Front Camera,5000 mAh Battery,1 Year Manufacturer Warranty for Phone and 6 Months Warranty for In the Box Accessories,"₹20,999₹23,99912% offFree deliveryUpto ₹19,200 Off on ExchangeNo Cost EMI from ₹3,500/month"
13,"realme GT NEO 2 (NEO Blue, 256 GB)",4.4602 Ratings & 34 Reviews,12 GB RAM | 256 GB ROM,16.81 cm (6.62 inch) Full HD+ Display,64MP + 8MP + 2MP | 16MP Front Camera,5000 mAh Battery,1 Year Warranty for Mobile and 6 Months for Accessories,"₹25,999₹38,99933% offFree deliveryLowest price since launchUpto ₹25,000 Off on Exchange"
14,"IQOO Z7s 5G (?Pacific Night, 128 GB)","45,198 Ratings & 417 Reviews",6 GB RAM | 128 GB ROM,16.21 cm (6.38 inch) Display,64MP Rear Camera,4500 mAh Battery,,"₹19,169₹23,99920% offFree deliveryBank Offer"
15,LAVA A1 2021,"4.418,363 Ratings & 2,492 Reviews",32 MB RAM | 24 MB ROM | Expandable Upto 32 GB,4.5 cm (1.77 inch) Display,0.3MP Rear Camera,800 mAh Li-ion Battery,,"₹1,129₹1,44922% offFree deliveryHot DealBank Offer"
16,"realme GT NEO 2 (NEO Blue, 128 GB)","4.56,055 Ratings & 544 Reviews",8 GB RAM | 128 GB ROM,16.81 cm (6.62 inch) Full HD+ Display,64MP + 8MP + 2MP | 16MP Front Camera,5000 mAh Battery,1 Year Warranty for Mobile and 6 Months for Accessories,"₹21,999₹34,99937% offFree deliveryUpto ₹21,400 Off on ExchangeBank Offer"
17,"OnePlus 11R 5G (Sonic Black, 128 GB)","4.56,055 Ratings & 544 Reviews",8 GB RAM | 128 GB ROM,17.02 cm (6.7 inch) Display,50MP Rear Camera,5000 mAh Battery,,"₹39,800₹39,999Free deliveryNo Cost EMI from ₹6,634/monthBank Offer"
18,"OnePlus 11R 5G (Sonic Black, 128 GB)","4.56,055 Ratings & 544 Reviews",8 GB RAM | 128 GB ROM,17.02 cm (6.7 inch) Display,50MP Rear Camera,5000 mAh Battery,,"₹38,998₹39,9992% offFree deliveryBank Offer"
19,"OnePlus 11R 5G (Sonic Black, 128 GB)","4.21,013 Ratings & 92 Reviews",8 GB RAM | 128 GB ROM,17.02 cm (6.7 inch) Display,50MP Rear Camera | 16MP Front Camera,5000 mAh Battery,,"₹38,595₹39,9993% offFree deliveryBank Offer"
20,"REDMI 12 (Moonstone Silver, 128 GB)","3.43,599 Ratings & 251 Reviews",6 GB RAM | 128 GB ROM | Expandable Upto 1 TB,17.25 cm (6.79 inch) Full HD+ Display,50MP + 8MP + 2MP | 8MP Front Camera,5000 mAh Battery,1 Year Manufacturer Warranty for Phone and 6 Months Warranty for in the Box Accessories,"₹11,499₹15,99928% off"
21,Snexian GURU 312,"3.618,357 Ratings & 1,617 Reviews",32 MB RAM | 32 MB ROM | Expandable Upto 16 GB,4.57 cm (1.8 inch) Quarter QVGA Display,0.3MP Rear Camera,800 mAh Battery,,₹670₹99932% offFree deliveryBank Offer
22,"I Kall King Talking, Contact icon and Auto Call Recording","4.12,285 Ratings & 173 Reviews",32 MB RAM | 32 MB ROM,4.57 cm (1.8 inch) Display,0.3MP Rear Camera,1500 mAh Battery,,₹774Free deliveryBank Offer
