,0,1,2,3,4,5,6,7
0,"Mi 10i (Pacific Sunrise, 128 GB)","4.31,638 Ratings & 113 Reviews",8 GB RAM | 128 GB ROM,16.94 cm (6.67 inch) Full HD+ Display,108MP + 8MP + 2MP + 2MP | 16MP Front Camera,4820 mAh Battery,1 year manufacturer warranty for device and 6 months manufacturer warranty for in-box accessories including batteries from the date of purchase,"₹21,990₹27,99921% offFree deliveryBank Offer"
1,"vivo Y56 5G (Black Engine, 128 GB)",4.2130 Ratings & 4 Reviews,4 GB RAM | 128 GB ROM,16.71 cm (6.58 inch) Full HD+ Display,50MP + 2MP | 16MP Front Camera,5000 mAh Battery,1 Year Manufacturer Warranty for Handset and 6 Months Manufacturer Warranty for In-Box Accessories,"₹17,999₹22,99921% offFree deliveryUpto ₹17,300 Off on ExchangeBank Offer"
2,"REDMI Note 12 Pro+ 5G (Iceberg Blue, 256 GB)","4.25,503 Ratings & 608 Reviews",12 GB RAM | 256 GB ROM,16.94 cm (6.67 inch) Full HD+ AMOLED Display,200MP + 8MP + 2MP | 16MP Front Camera,4980 mAh Lithium Polymer Battery,1 Year Manufacturer Warranty for Phone and 6 Months Warranty for In the Box Accessories,"₹32,999₹36,99910% offFree deliveryDaily SaverUpto ₹32,200 Off on Exchange"
3,"OnePlus NORD CE2 LITE 5G (Blue Tide, 128 GB)",4.338 Ratings & 0 Reviews,6 GB RAM | 128 GB ROM,16.74 cm (6.59 inch) Display,64MP Rear Camera,5000 mAh Battery,,"₹17,956₹19,99910% offFree deliveryBank Offer"
4,"SAMSUNG GALAXY M13 5G (?Stardust Brown, 128 GB)","4.21,429 Ratings & 93 Reviews",6 GB RAM | 128 GB ROM,16.51 cm (6.5 inch) Display,50MP Rear Camera,5000 mAh Battery,,"₹14,188₹19,49927% offFree deliveryBank Offer"
5,itel Ace2 lite Keypad Mobile| 1000 mAh Battery|Expandable Storage 32GB,3.816 Ratings & 0 Reviews,32 MB RAM | 32 MB ROM,4.57 cm (1.8 inch) Display,1000 mAh Battery,"12+1 Months Warranty for device  (Special offer) 
6 months for accessories",,"₹915₹1,19923% offFree deliveryDaily SaverBank Offer"
6,Cellecor E8 Plus,3.6314 Ratings & 18 Reviews,32 MB RAM | 32 MB ROM,6.1 cm (2.4 inch) Display,0.8MP Rear Camera,2750 mAh Battery,,"₹1,299₹1,94933% offFree deliveryDaily SaverBank Offer"
7,MarQ by Flipkart M70 Shakti,"3.94,460 Ratings & 539 Reviews",32 MB RAM | 32 MB ROM | Expandable Upto 32 GB,6.1 cm (2.4 inch) QVGA Display,0.3MP Rear Camera,3000 mAh Li-ion Battery,,"₹1,599Free deliveryUpto ₹1,050 Off on ExchangeBank Offer"
8,MarQ by Flipkart M70 Shakti,"3.94,460 Ratings & 539 Reviews",32 MB RAM | 32 MB ROM | Expandable Upto 32 GB,6.1 cm (2.4 inch) QVGA Display,0.3MP Rear Camera,3000 mAh Li-ion Battery,,"₹1,599Free deliveryUpto ₹1,050 Off on ExchangeBank Offer"
9,LAVA 34 Ultra,"4.11,943 Ratings & 198 Reviews",24 MB RAM | 32 MB ROM | Expandable Upto 64 GB,6.1 cm (2.4 inch) Display,0.8MP Rear Camera,2575 mAh Li-ion Battery,,"₹1,779₹1,8493% offFree deliveryBank Offer"
10,LAVA Flip,"4.12,285 Ratings & 173 Reviews",56 MB RAM | 56 MB ROM,6.1 cm (2.4 inch) Display,0.08MP Rear Camera,1200 mAh Battery,,"₹1,990₹2,1497% offFree deliveryBank Offer"
11,Kechaoda K28,"4.13,241 Ratings & 268 Reviews",32 MB RAM | 64 MB ROM | Expandable Upto 16 GB,6.1 cm (2.4 inch) QVGA Display,0.3MP Rear Camera,1700 mAh Battery,,"₹1,255₹1,49916% offFree deliveryBank Offer"
12,Nokia 150 TA-1235 DS,"4.113,950 Ratings & 981 Reviews",4 MB RAM | 4 MB ROM | Expandable Upto 32 GB,6.1 cm (2.4 inch) Display,0.3MP Rear Camera,1020 mAh Lithium-ion Battery,1 Year Manufacturer Warranty for Device and 6 Months Manufacturer Warranty for In-box Accessories Including Batteries from the Date of Purchase,"₹2,650₹2,99911% offFree deliveryBank Offer"
13,Lvix L1,3.648 Ratings & 4 Reviews,16 MB RAM | 32 MB ROM,4.5 cm (1.77 inch) Display,0.3MP Rear Camera,1000 mAh Battery,,₹620₹99937% offBank Offer
14,Kechaoda A27,"48,047 Ratings & 572 Reviews",32 MB RAM | 32 MB ROM | Expandable Upto 16 GB,1.68 cm (0.66 inch) Display,800 mAh Battery,1 Year Warranty,,"₹1,080₹1,49927% offFree deliveryBank Offer"
15,"Tecno Pop 7 pro (?Endless Black, 64 GB)",4.2101 Ratings & 2 Reviews,3 GB RAM | 64 GB ROM,16.66 cm (6.56 inch) Display,12MP Rear Camera,5000 mAh Battery,,"₹7,599₹8,99915% offFree deliveryBank Offer"
16,LAVA LF9000,4.2152 Ratings & 8 Reviews,20 MB RAM | 20 MB ROM,7.11 cm (2.8 inch) Quarter QVGA Display,2575 mAh Battery,1 year manufacturer replacement guarantee for Phone and 6 months replacement for accessories in the box,,"₹1,689₹2,09919% offFree deliveryDaily SaverBank Offer"
17,"Tecno Pop 7 pro (?Endless Black, 64 GB)",4117 Ratings & 4 Reviews,2 GB RAM | 64 GB ROM,16.66 cm (6.56 inch) Display,12MP Rear Camera,5000 mAh Battery,,"₹6,799₹7,99915% offFree deliveryBank Offer"
18,LAVA A7 Star,4299 Ratings & 25 Reviews,24 MB RAM | 32 MB ROM | Expandable Upto 32 GB,6.1 cm (2.4 inch) Quarter QVGA Display,0.3MP Rear Camera | 0MP Front Camera,1800 mAh Battery,,"₹1,449₹1,89923% offFree deliveryBank Offer"
19,"POCO M4 5G (Yellow, 128 GB)","4.246,300 Ratings & 3,301 Reviews",6 GB RAM | 128 GB ROM | Expandable Upto 512 GB,16.71 cm (6.58 inch) Full HD+ Display,50MP + 2MP | 8MP Front Camera,5000 mAh Lithium Ion Polymer Battery,1 Year Warranty for Handset and 6 Months for Accessories,"₹14,999₹18,99921% offFree deliveryUpto ₹14,300 Off on ExchangeBank Offer"
20,"Nothing Phone (2) (White, 512 GB)","4.42,364 Ratings & 396 Reviews",12 GB RAM | 512 GB ROM,17.02 cm (6.7 inch) Full HD+ Display,50 MP(OIS) +50MP | 32MP Front Camera,4700 mAh Lithium ion Battery,LTPO AMOLED (1 Hz - 120 Hz),"₹54,999₹59,9998% offFree deliveryUpto ₹52,000 Off on ExchangeNo Cost EMI from ₹6,111/month"
21,"Infinix Note 12 (Force Black, 128 GB)","4.213,558 Ratings & 1,266 Reviews",6 GB RAM | 128 GB ROM | Expandable Upto 512 GB,17.02 cm (6.7 inch) Full HD+ AMOLED Display,50MP + 2MP Depth + AI Lens | 16MP Front Camera,5000 mAh Li-ion Polymer Battery,1 Year on Handset and 6 Months on Accessories,"₹12,999₹17,99927% offFree deliveryUpto ₹12,450 Off on ExchangeBank Offer"
22,KARBONN KX3,"42,141 Ratings & 143 Reviews",31 MB RAM | 32 MB ROM,4.57 cm (1.8 inch) Display,0.3MP Rear Camera,800 mAh Battery,,"₹989₹1,24920% offFree deliveryBank Offer"
23,"Infinix Note 12 (Jewel Blue, 128 GB)","4.213,558 Ratings & 1,266 Reviews",6 GB RAM | 128 GB ROM | Expandable Upto 512 GB,17.02 cm (6.7 inch) Full HD+ AMOLED Display,50MP + 2MP Depth + AI Lens | 16MP Front Camera,5000 mAh Li-ion Polymer Battery,1 Year on Handset and 6 Months on Accessories,"₹12,999₹17,99927% offFree deliveryUpto ₹12,450 Off on ExchangeBank Offer"
