,0,1,2,3,4,5,6,7
0,Micromax X512,"41,301 Ratings & 85 Reviews",30 MB RAM | 24 MB ROM,4.5 cm (1.77 inch) Display,1750 mAh Battery,1 Year Warranty,,"₹997₹1,79944% offFree delivery by TodayBank Offer"
1,"REDMI 11 Prime (Peppy Purple, 128 GB)","4.49,151 Ratings & 450 Reviews",6 GB RAM | 128 GB ROM | Expandable Upto 512 GB,16.71 cm (6.58 inch) Full HD+ Display,50MP + 2MP + 2MP | 8MP Front Camera,5000 mAh Battery,1 Year Manufacturer Warranty for Phone and 6 Months Warranty for In the Box Accessories,"₹10,999₹16,99935% offFree delivery by TodayBank Offer"
2,"SAMSUNG Galaxy F14 5G (OMG Black, 128 GB)","4.229,399 Ratings & 2,272 Reviews",6 GB RAM | 128 GB ROM | Expandable Upto 1 TB,16.76 cm (6.6 inch) Full HD+ Display,50MP + 2MP | 13MP Front Camera,6000 mAh Battery,1 Year Manufacturer Warranty for Device and 6 Months Manufacturer Warranty for In-Box Accessories,"₹14,990₹18,49018% offFree delivery by TodayNo Cost EMI from ₹1,666/monthBank Offer"
3,"POCO M5 (Yellow, 64 GB)","4.116,887 Ratings & 1,424 Reviews",4 GB RAM | 64 GB ROM | Expandable Upto 512 GB,16.71 cm (6.58 inch) Full HD+ Display,50MP + 2MP Depth Sensor + 2MP Macro Sensor | 8MP Front Camera,5000 mAh Lithium-ion Polymer Battery,"1 Year for Handset, 6 Months for Accessories","₹8,499₹15,99946% offFree delivery by TodayBank Offer"
4,Micromax J22,"3.92,516 Ratings & 149 Reviews",32 MB RAM | 32 MB ROM,6.1 cm (2.4 inch) Display,1000 mAh Battery,1 Year Manufacturer warranty,,"₹1,137₹1,59928% offFree delivery by TodayBank Offer"
5,"MOTOROLA e13 (Cosmic Black, 64 GB)","44,490 Ratings & 392 Reviews",2 GB RAM | 64 GB ROM | Expandable Upto 1 TB,16.51 cm (6.5 inch) HD+ Display,13MP Rear Camera | 5MP Front Camera,5000 mAh Battery,1 Year on Handset and 6 Months on Accessories,"₹6,499₹9,99935% offFree delivery by TodayBank Offer"
6,"Infinix HOT 20 Play (Aurora Green, 64 GB)","4.429,072 Ratings & 1,478 Reviews",4 GB RAM | 64 GB ROM | Expandable Upto 256 GB,17.32 cm (6.82 inch) HD+ Display,13Mp + AI Lens | 8MP Front Camera,6000 mAh Li-ion Polymer Battery,1 Year on Handset and 6 Months on Accessories,"₹7,999₹11,99933% off"
7,"MOTOROLA g73 5G (Midnight Blue, 128 GB)","423,948 Ratings & 2,888 Reviews",8 GB RAM | 128 GB ROM | Expandable Upto 1 TB,16.51 cm (6.5 inch) Full HD+ Display,50MP + 8MP | 16MP Front Camera,5000 mAh Battery,1 Year Manufacturer Warranty for Phone and 6 Months Warranty for In the Box Accessories,"₹16,999₹21,99922% offFree delivery by TodayBank Offer"
8,"SAMSUNG Galaxy F13 (Sunrise Copper, 64 GB)","4.31,65,251 Ratings & 9,457 Reviews",4 GB RAM | 64 GB ROM | Expandable Upto 1 TB,16.76 cm (6.6 inch) Full HD+ Display,50MP + 5MP + 2MP | 8MP Front Camera,6000 mAh Lithium Ion Battery,1 Year Warranty Provided By the Manufacturer from Date of Purchase,"₹10,999₹14,99926% off"
9,"POCO M5 (Power Black, 128 GB)","4.26,724 Ratings & 442 Reviews",6 GB RAM | 128 GB ROM | Expandable Upto 512 GB,16.71 cm (6.58 inch) Full HD+ Display,50MP + 2MP Depth Sensor + 2MP Macro Sensor | 8MP Front Camera,5000 mAh Lithium-ion Polymer Battery,"1 Year for Handset, 6 Months for Accessories","₹10,499₹18,99944% offFree delivery by TodayBank Offer"
10,"Infinix HOT 20 Play (Fantasy Purple, 64 GB)","4.429,072 Ratings & 1,478 Reviews",4 GB RAM | 64 GB ROM | Expandable Upto 256 GB,17.32 cm (6.82 inch) HD+ Display,13Mp + AI Lens | 8MP Front Camera,6000 mAh Li-ion Polymer Battery,1 Year on Handset and 6 Months on Accessories,"₹7,999₹11,99933% offFree delivery by TodayBank Offer"
11,"POCO X5 5G (Jaguar Black, 128 GB)","4.216,671 Ratings & 1,273 Reviews",6 GB RAM | 128 GB ROM | Expandable Upto 1 TB,16.94 cm (6.67 inch) Full HD+ Display,48MP + 8MP + 2MP | 13MP Front Camera,5000 mAh Battery,1 Year Manufacturer Warranty for Phone and 6 Months Warranty for In the Box Accessories,"₹15,999₹20,99923% offFree delivery by TodayNo Cost EMI from ₹2,667/monthBank Offer"
12,"realme C55 (Sunshower, 64 GB)","4.468,511 Ratings & 3,922 Reviews",4 GB RAM | 64 GB ROM | Expandable Upto 1 TB,17.07 cm (6.72 inch) Full HD+ Display,64MP + 2MP | 8MP Front Camera,5000 mAh Battery,1 Year Manufacturer Warranty for Phone and 6 Months Warranty for In the Box Accessories,"₹10,999₹12,99915% offFree delivery by TodayBank Offer"
13,"realme C55 (Sunshower, 128 GB)","4.421,770 Ratings & 1,217 Reviews",8 GB RAM | 128 GB ROM | Expandable Upto 1 TB,17.07 cm (6.72 inch) Full HD+ Display,64MP + 2MP | 8MP Front Camera,5000 mAh Battery,1 Year Manufacturer Warranty for Phone and 6 Months Warranty for In the Box Accessories,"₹13,999₹15,99912% off"
14,"realme C55 (Rainy Night, 64 GB)","4.468,511 Ratings & 3,922 Reviews",4 GB RAM | 64 GB ROM | Expandable Upto 1 TB,17.07 cm (6.72 inch) Full HD+ Display,64MP + 2MP | 8MP Front Camera,5000 mAh Battery,1 Year Manufacturer Warranty for Phone and 6 Months Warranty for In the Box Accessories,"₹10,999₹12,99915% offFree delivery by TodayBank Offer"
15,"POCO M5 (Icy Blue, 128 GB)","4.26,724 Ratings & 442 Reviews",6 GB RAM | 128 GB ROM | Expandable Upto 512 GB,16.71 cm (6.58 inch) Full HD+ Display,50MP + 2MP Depth Sensor + 2MP Macro Sensor | 8MP Front Camera,5000 mAh Lithium-ion Polymer Battery,"1 Year for Handset, 6 Months for Accessories","₹10,499₹18,99944% offFree delivery by TodayBank Offer"
16,"MOTOROLA G32 (Rose Gold, 128 GB)","4.142,361 Ratings & 3,656 Reviews",8 GB RAM | 128 GB ROM,16.51 cm (6.5 inch) Full HD+ Display,50MP + 8MP + 2MP | 16MP Front Camera,5000 mAh Lithium Polymer Battery,1 Year on Handset and 6 Months on Accessories,"₹11,999₹18,99936% offFree delivery by TodayBank Offer"
17,"realme C55 (Rainy Night, 128 GB)","4.421,770 Ratings & 1,217 Reviews",8 GB RAM | 128 GB ROM | Expandable Upto 1 TB,17.07 cm (6.72 inch) Full HD+ Display,64MP + 2MP | 8MP Front Camera,5000 mAh Battery,1 Year Manufacturer Warranty for Phone and 6 Months Warranty for In the Box Accessories,"₹13,999₹15,99912% offFree delivery by TodayDaily SaverBank Offer"
18,"realme C30 (Denim Black, 32 GB)","4.21,07,613 Ratings & 5,706 Reviews",2 GB RAM | 32 GB ROM | Expandable Upto 1 TB,16.51 cm (6.5 inch) HD+ Display,8MP Rear Camera | 5MP Front Camera,5000 mAh Lithium Ion Battery,1 Year Manufacturer Warranty for Phone and 6 Months Warranty for In-Box Accessories,"₹5,999₹8,49929% offFree delivery by TodayBank Offer"
19,"Infinix HOT 20 Play (Luna Blue, 64 GB)","4.429,072 Ratings & 1,478 Reviews",4 GB RAM | 64 GB ROM | Expandable Upto 256 GB,17.32 cm (6.82 inch) HD+ Display,13Mp + AI Lens | 8MP Front Camera,6000 mAh Li-ion Polymer Battery,1 Year on Handset and 6 Months on Accessories,"₹7,999₹11,99933% off"
20,"Infinix Note 30 5G (Sunset Gold, 128 GB)","4.11,611 Ratings & 185 Reviews",4 GB RAM | 128 GB ROM | Expandable Upto 2 TB,17.22 cm (6.78 inch) Full HD+ Display,108 MP + 2 MP+ AI Lens | 16MP Front Camera,5000 mAh Li-ion Polymer Battery,1 Year on Handset and 6 Months on Accessories,"₹14,999₹17,99916% offFree delivery by TodayBank Offer"
21,"realme 10 (Rush Black, 128 GB)","4.37,800 Ratings & 551 Reviews",8 GB RAM | 128 GB ROM | Expandable Upto 1 TB,16.26 cm (6.4 inch) Full HD+ Display,50MP + 2MP | 16MP Front Camera,5000 mAh Battery,1 Year Manufacturer Warranty for Phone and 6 Months Warranty for In-Box Accessories,"₹14,999₹19,99925% offFree delivery by TodayNo Cost EMI from ₹2,500/monthBank Offer"
22,GFive U220i,3.3816 Ratings & 76 Reviews,32 MB RAM | 32 MB ROM | Expandable Upto 16 GB,4.57 cm (1.8 inch) Display,0.3MP Rear Camera,1000 mAh Battery,,₹699₹99930% offFree delivery by TodayBank Offer
23,"realme 10 (Clash White, 128 GB)","4.37,800 Ratings & 551 Reviews",8 GB RAM | 128 GB ROM | Expandable Upto 1 TB,16.26 cm (6.4 inch) Full HD+ Display,50MP + 2MP | 16MP Front Camera,5000 mAh Battery,1 Year Manufacturer Warranty for Phone and 6 Months Warranty for In-Box Accessories,"₹14,999₹19,99925% offFree delivery by TodayNo Cost EMI from ₹2,500/monthBank Offer"
