,0,1,2,3,4,5,6,7
0,"realme Narzo 50i (Mint Green, 32 GB)","4.51,24,574 Ratings & 4,955 Reviews",2 GB RAM | 32 GB ROM | Expandable Upto 256 GB,16.51 cm (6.5 inch) Display,8MP Rear Camera | 5MP Front Camera,5000 mAh Battery,1 Year Warranty for Mobile and 6 Months for Accessories,"₹7,499Free deliveryBank Offer"
1,SAREGAMA Carvaan Phone Bhakti M22 with 750 Devotional Songs,"4.22,800 Ratings & 150 Reviews",32 MB RAM | 1.3 GB ROM,6.1 cm (2.4 inch) Display,0.3MP Rear Camera,1500 mAh Battery,,"₹2,090Free deliveryBank Offer"
2,"vivo Y16 (Drizzling Gold, 32 GB)","4.13,241 Ratings & 268 Reviews",3 GB RAM | 32 GB ROM | Expandable Upto 1 TB,16.54 cm (6.51 inch) HD+ Display,13MP + 2MP | 5MP Front Camera,5000 mAh Lithium Battery,1 Year of Device & 6 Months for In-Box Accessories,"₹12,490₹13,99910% offFree deliveryNo Cost EMI from ₹2,082/monthBank Offer"
3,Kechaoda K28,4.2578 Ratings & 34 Reviews,32 MB RAM | 64 MB ROM | Expandable Upto 16 GB,6.1 cm (2.4 inch) QVGA Display,0.3MP Rear Camera,1700 mAh Battery,,"₹1,399₹1,4996% offFree deliveryHot DealBank Offer"
4,"itel Vision3 (Deep Ocean Black, 32 GB)","4.216,486 Ratings & 2,523 Reviews",2 GB RAM | 32 GB ROM,16.76 cm (6.6 inch) Display,8MP Rear Camera,5000 mAh Battery,,"₹6,048₹7,99924% offFree deliveryBank Offer"
5,"MOTOROLA Edge 40 (Viva Magenta, 256 GB)","4.12,828 Ratings & 185 Reviews",8 GB RAM | 256 GB ROM,16.51 cm (6.5 inch) Full HD+ Display,50MP + 13MP | 32MP Front Camera,4400 mAh Battery,1 Year Handset and 6 Months Accessories,"₹29,999₹34,99914% off"
6,SAMSUNG Guru Music 2,"4.11,424 Ratings & 134 Reviews",0.53 RAM | NA KB ROM | Expandable Upto 16 GB,5.08 cm (2 inch) QVGA Display,0MP Front Camera,800 mAh Battery,1 Year Manufacturer Warranty,"₹2,890₹2,899Free deliveryBank Offer"
7,Kechaoda K60,"4.17,275 Ratings & 820 Reviews",32 MB RAM | 32 MB ROM | Expandable Upto 16 GB,6.1 cm (2.4 inch) QVGA Display,0.3MP Rear Camera | 0.3MP Front Camera,3600 mAh Battery,,"₹1,797₹1,99910% offFree deliveryBank Offer"
8,LAVA Spark i8,"3.75,646 Ratings & 491 Reviews",32 MB RAM | 32 MB ROM | Expandable Upto 32 GB,7.11 cm (2.8 inch) QVGA Display,1.3MP Rear Camera,1200 mAh Battery,,"₹1,849₹1,8992% offFree deliveryBank Offer"
9,Micromax X809,"4.42,364 Ratings & 396 Reviews",32 MB RAM | 32 MB ROM,7.11 cm (2.8 inch) Display,1MP Rear Camera,1000 mAh Battery,,"₹1,340₹1,99932% offFree deliveryBank Offer"
10,"Nothing Phone (2) (Dark Grey, 256 GB)",4.2264 Ratings & 42 Reviews,12 GB RAM | 256 GB ROM,17.02 cm (6.7 inch) Full HD+ Display,50 MP(OIS) +50MP | 32MP Front Camera,4700 mAh Lithium ion Battery,LTPO AMOLED (1 Hz - 120 Hz),"₹49,999₹54,9999% offFree deliveryUpto ₹47,000 Off on ExchangeNo Cost EMI from ₹5,556/month"
11,"LAVA Z2 (Aqua Blue, 32 GB)",3.798 Ratings & 7 Reviews,2 GB RAM | 32 GB ROM | Expandable Upto 512 GB,16.55 cm (6.517 inch) HD+ Display,13MP + 2MP | 8MP Front Camera,5000 mAh Li-Polymer Battery,1 Year Handset Warranty and 6 Months Warranty on Accessories,"₹5,990₹8,49929% offFree deliveryBank Offer"
12,KARBONN KX3S,"4.31,18,464 Ratings & 8,488 Reviews",32 MB RAM | 32 MB ROM | Expandable Upto 16 GB,4.57 cm (1.8 inch) FWVGA+ Display,0MP | 0.03MP Front Camera,1000 mAh Battery,1 year manufacturer defect,"₹1,070₹1,19010% offFree deliveryBank Offer"
13,"Infinix HOT 12 Play (Daylight Green, 64 GB)",4.111 Ratings & 0 Reviews,4 GB RAM | 64 GB ROM | Expandable Upto 256 GB,17.32 cm (6.82 inch) HD+ Display,13MP + Depth Lens | 8MP Front Camera,6000 mAh Li-ion Polymer Battery,1 Year on Handset And 6 Months on Accessories,"₹8,999₹11,99925% offFree deliveryUpto ₹8,450 Off on ExchangeBank Offer"
14,Cellecor C9+,"4.41,314 Ratings & 230 Reviews",32 MB RAM | 32 MB ROM,4.57 cm (1.8 inch) Display,1000 mAh Battery,1 Year Manufacturer Warranty,,"₹949₹1,34929% offFree deliveryBank Offer"
15,"Nothing Phone (2) (Dark Grey, 128 GB)","412,358 Ratings & 773 Reviews",8 GB RAM | 128 GB ROM,17.02 cm (6.7 inch) Full HD+ Display,50 MP(OIS) +50MP | 32MP Front Camera,4700 mAh Lithium ion Battery,LTPO AMOLED (1 Hz - 120 Hz),"₹44,999₹49,99910% offFree deliveryUpto ₹42,000 Off on ExchangeNo Cost EMI from ₹5,000/month"
16,Jmax Super 1,445 Ratings & 5 Reviews,32 MB RAM | 32 MB ROM,4.57 cm (1.8 inch) Display,0.3MP Rear Camera,1100 mAh Battery,,"₹759₹1,29941% offFree deliveryBank Offer"
17,Snexian Rock,"4.46,496 Ratings & 231 Reviews",32 MB RAM | 32 MB ROM,4.32 cm (1.7 inch) Display,0.3MP Rear Camera,800 mAh Battery,,"₹1,215₹1,99939% offFree deliveryBank Offer"
18,"itel P40 (Force Black, 32 GB)",3.9617 Ratings & 61 Reviews,3 GB RAM | 32 GB ROM,16.76 cm (6.6 inch) Display,13MP Rear Camera,6000 mAh Battery,,"₹6,799₹8,29918% offFree deliveryHot DealBank Offer"
19,itel U30 keypad Mobile|1200 mAh battery|Expandable Storage Upto 32GB,468 Ratings & 9 Reviews,32 MB RAM | 32 MB ROM,4.57 cm (1.8 inch) Display,0.3MP Rear Camera,1200 mAh Battery,,"₹1,079₹1,24913% offFree deliveryBank Offer"
20,"realme C30s (Stripe Blue, 32 GB)","4.31,18,464 Ratings & 8,488 Reviews",2 GB RAM | 32 GB ROM | Expandable Upto 1 TB,16.51 cm (6.5 inch) HD+ Display,8MP Rear Camera | 5MP Front Camera,5000 mAh Lithium Ion Battery,1 Year Manufacturer Warranty for Phone and 6 Months Warranty for In-Box Accessories,"₹6,999₹9,99930% offFree deliveryUpto ₹6,450 Off on ExchangeBank Offer"
