,0,1,2,3,4,5,6,7
0,"realme 11 Pro 5G (Sunrise Beige, 128 GB)","4.321,472 Ratings & 1,977 Reviews",8 GB RAM | 128 GB ROM,17.02 cm (6.7 inch) Full HD+ Display,100MP (OIS) + 2MP | 16MP Front Camera,5000 mAh Battery,1 Year Manufacturer Warranty for Device and 6 Months Manufacturer Warranty for In-Box Accessories,"₹23,999₹25,9997% offFree deliveryUpto ₹23,100 Off on ExchangeNo Cost EMI from ₹4,000/month"
1,"realme 11 Pro+ 5G (Oasis Green, 256 GB)","4.35,314 Ratings & 600 Reviews",12 GB RAM | 256 GB ROM,17.02 cm (6.7 inch) Full HD+ Display,200MP (OIS) + 8MP + 2MP | 32MP Front Camera,5000 mAh Battery,1 Year Manufacturer Warranty for Device and 6 Months Manufacturer Warranty for In-Box Accessories,"₹29,999₹32,9999% offFree deliveryUpto ₹29,200 Off on ExchangeNo Cost EMI from ₹5,000/month"
2,LAVA A1,"4.220,605 Ratings & 1,922 Reviews",4 MB RAM | 24 MB ROM | Expandable Upto 32 GB,4.5 cm (1.77 inch) Display,0.3MP Rear Camera,800 mAh Battery,,"₹1,228₹1,2491% offFree deliveryBank Offer"
3,DIZO Star 500,"3.915,700 Ratings & 1,725 Reviews",32 MB RAM | 32 MB ROM | Expandable Upto 64 GB,7.11 cm (2.8 inch) QVGA Display,0.3MP Rear Camera,1900 mAh Battery,1 Year Warranty,"₹1,899₹1,9995% offFree deliveryBank Offer"
4,SAMSUNG Guru 1200,"48,144 Ratings & 561 Reviews",153 MB RAM | 153 MB ROM,3.81 cm (1.5 inch) Display,800 mAh Battery,0 0 0 0 Processor Processor,,"₹1,410Free deliveryBank Offer"
5,PHILIPS Xenium E209,"3.91,545 Ratings & 150 Reviews",32 MB RAM | 32 MB ROM | Expandable Upto 16 GB,6.1 cm (2.4 inch) QVGA Display,0.08MP Rear Camera,1000 mAh Li-ion Battery,,"₹1,299₹2,99956% offFree deliveryBank Offer"
6,"vivo T2x 5G (Glimmer Black, 128 GB)","4.324,210 Ratings & 1,446 Reviews",8 GB RAM | 128 GB ROM,16.71 cm (6.58 inch) Full HD+ Display,50MP + 2MP | 8MP Front Camera,5000 mAh Battery,1 Year of Device & 6 Months for Inbox Accessories,"₹15,999₹20,99923% offFree deliveryUpto ₹15,450 Off on ExchangeBank Offer"
7,"vivo T2x 5G (Marine Blue, 128 GB)","4.324,210 Ratings & 1,446 Reviews",8 GB RAM | 128 GB ROM,16.71 cm (6.58 inch) Full HD+ Display,50MP + 2MP | 8MP Front Camera,5000 mAh Battery,1 Year of Device & 6 Months for Inbox Accessories,"₹15,999₹20,99923% offFree deliveryUpto ₹15,450 Off on ExchangeBank Offer"
8,"vivo T2x 5G (Aurora Gold, 128 GB)","4.324,210 Ratings & 1,446 Reviews",8 GB RAM | 128 GB ROM,16.71 cm (6.58 inch) Full HD+ Display,50MP + 2MP | 8MP Front Camera,5000 mAh Battery,1 Year of Device & 6 Months for Inbox Accessories,"₹15,999₹20,99923% offFree deliveryUpto ₹15,450 Off on ExchangeBank Offer"
9,Kechaoda A26,"417,270 Ratings & 1,150 Reviews",32 MB RAM | 32 MB ROM | Expandable Upto 16 GB,1.68 cm (0.66 inch) Display,800 mAh Battery,1 Year Company Warranty,,"₹999₹1,39928% offFree deliveryBank Offer"
10,"REDMI Note 12 5G (Matte Black, 256 GB)","4.11,139 Ratings & 90 Reviews",8 GB RAM | 256 GB ROM | Expandable Upto 1 TB,16.94 cm (6.67 inch) Full HD+ AMOLED Display,48MP + 8MP + 2MP | 13MP Front Camera,5000 mAh Battery,1 Year Manufacturer Warranty for Phone and 6 Months Warranty for In the Box Accessories,"₹20,999₹23,99912% offFree deliveryDaily SaverUpto ₹19,200 Off on Exchange"
11,"vivo T2x 5G (Marine Blue, 128 GB)","4.455,643 Ratings & 2,941 Reviews",4 GB RAM | 128 GB ROM,16.71 cm (6.58 inch) Full HD+ Display,50MP + 2MP | 8MP Front Camera,5000 mAh Battery,1 Year of Device & 6 Months for Inbox Accessories,"₹12,999₹17,99927% offFree deliveryUpto ₹12,450 Off on ExchangeBank Offer"
12,GFive U707,"3.613,724 Ratings & 1,285 Reviews",32 MB RAM | 64 MB ROM | Expandable Upto 16 GB,4.57 cm (1.8 inch) Display,0.3MP Rear Camera,950 mAh Battery,,₹725₹7999% offFree deliveryBank Offer
13,GFive U707,"3.613,724 Ratings & 1,285 Reviews",32 MB RAM | 32 MB ROM | Expandable Upto 16 GB,4.57 cm (1.8 inch) Display,0.3MP Rear Camera,1000 mAh Battery,,₹725₹99927% offFree deliveryBank Offer
14,"POCO X5 Pro 5G (Astral Black, 256 GB)","4.313,233 Ratings & 1,330 Reviews",8 GB RAM | 256 GB ROM,16.94 cm (6.67 inch) Full HD+ Display,108MP + 8MP + 2MP | 16MP Front Camera,5000 mAh Battery,1 Year Manufacturer Warranty for Phone and 6 Months Warranty for in the Box Accessories,"₹24,999₹28,99913% offFree deliveryDaily SaverUpto ₹24,000 Off on Exchange"
15,Micromax X413,"43,630 Ratings & 284 Reviews",32 MB RAM | 32 MB ROM,4.5 cm (1.77 inch) Display,0.3MP Rear Camera,800 mAh Battery,,"₹925₹1,49938% offFree deliveryBank Offer"
16,"REDMI Note 12 5G (Matte Black, 128 GB)","43,325 Ratings & 281 Reviews",4 GB RAM | 128 GB ROM | Expandable Upto 1 TB,16.94 cm (6.67 inch) Full HD+ AMOLED Display,48MP + 8MP + 2MP | 13MP Front Camera,5000 mAh Battery,1 Year Manufacturer Warranty for Phone and 6 Months Warranty for In the Box Accessories,"₹16,999₹19,99915% offFree deliveryUpto ₹15,250 Off on ExchangeNo Cost EMI from ₹2,834/month"
17,"Infinix Smart 6 HD (Origin Blue, 32 GB)","4.336,624 Ratings & 2,074 Reviews",2 GB RAM | 32 GB ROM | Expandable Upto 512 GB,16.76 cm (6.6 inch) HD+ Display,8MP Rear Camera | 5MP Front Camera,5000 mAh Lithium-ion Polymer Battery,1 Year on Handset and 6 Months on Accessories,"₹5,999₹8,99933% offFree deliveryUpto ₹5,450 Off on ExchangeBank Offer"
18,Nokia 106 4G,3.877 Ratings & 4 Reviews,32 MB RAM | 32 MB ROM,4.5 cm (1.77 inch) Display,0MP | 0MP Front Camera,1450 mAh Battery,1 Year Replacement Warranty for Device and 6 Months Manufacturer Warranty for Inbox Accessories Including Battery from the Date of Purchase,"₹2,199₹2,99926% offFree deliveryHot DealBank Offer"
19,"MOTOROLA g13 (Matte Charcoal, 128 GB)","440,188 Ratings & 3,684 Reviews",4 GB RAM | 128 GB ROM | Expandable Upto 1 TB,16.51 cm (6.5 inch) HD+ Display,50MP + 2MP + 2MP | 8MP Front Camera,5000 mAh Battery,1 Year on Handset and 6 Months on Accessories,"₹9,999₹13,99928% offFree deliveryUpto ₹8,850 Off on ExchangeBank Offer"
20,"realme Narzo N55 (Prime Blue, 128 GB)","4.21,401 Ratings & 71 Reviews",6 GB RAM | 128 GB ROM,17.07 cm (6.72 inch) Display,64MP Rear Camera,5000 mAh Battery,,"₹13,450₹14,99910% offFree deliveryDaily SaverNo Cost EMI from ₹2,242/month"
21,"IQOO Z7S 5G (Pacific Night, 128 GB)",4.3563 Ratings & 27 Reviews,8 GB RAM | 128 GB ROM,16.26 cm (6.4 inch) Display,64MP Rear Camera,4500 mAh Battery,,"₹20,427₹24,99918% offFree deliveryBank Offer"
22,"IQOO Z7S 5G (Norway Blue, 128 GB)",4.3563 Ratings & 27 Reviews,8 GB RAM | 128 GB ROM,16.26 cm (6.4 inch) Display,64MP Rear Camera,4500 mAh Battery,,"₹20,140₹24,99919% offFree deliveryBank Offer"
23,"IQOO Z7s 5G (Norway Blue, 128 GB)",4.4602 Ratings & 34 Reviews,6 GB RAM | 128 GB ROM,16.21 cm (6.38 inch) Display,64MP Rear Camera,4500 mAh Battery,,"₹19,189₹23,99920% offFree deliveryNo Cost EMI from ₹3,199/monthBank Offer"
