,0,1,2,3,4,5,6,7
0,"Google Pixel 6a (Charcoal, 128 GB)","4.357,562 Ratings & 6,809 Reviews",6 GB RAM | 128 GB ROM,15.6 cm (6.14 inch) Full HD+ Display,12.2MP + 12MP | 8MP Front Camera,4410 mAh Battery,1 Year Brand Warranty,"₹26,999₹43,99938% offFree delivery by TodayUpto ₹25,000 Off on ExchangeBank Offer"
1,"Infinix NOTE 12i (Metaverse Blue, 64 GB)","4.28,205 Ratings & 835 Reviews",4 GB RAM | 64 GB ROM | Expandable Upto 512 GB,17.02 cm (6.7 inch) Full HD+ AMOLED Display,50 MP + 2 MP + QVGA | 8MP Front Camera,5000 mAh Lithium-ion Polymer Battery,1 Year on Handset and 6 Months on Accessories,"₹9,499₹12,99926% offFree delivery by TodayUpto ₹8,950 Off on ExchangeBank Offer"
2,"REDMI Note 12 Pro 5G (Glacier Blue, 128 GB)","4.230,320 Ratings & 2,935 Reviews",6 GB RAM | 128 GB ROM,16.94 cm (6.67 inch) Full HD+ AMOLED Display,50MP (OIS) + 8MP + 2MP | 16MP Front Camera,5000 mAh Lithium Polymer Battery,1 Year Manufacturer Warranty for Phone and 6 Months Warranty for In the Box Accessories,"₹23,999₹27,99914% offFree delivery by TodayDaily SaverUpto ₹23,250 Off on Exchange"
3,"MOTOROLA e13 (Creamy White, 64 GB)","44,490 Ratings & 392 Reviews",2 GB RAM | 64 GB ROM | Expandable Upto 1 TB,16.51 cm (6.5 inch) HD+ Display,13MP Rear Camera | 5MP Front Camera,5000 mAh Battery,1 Year on Handset and 6 Months on Accessories,"₹6,499₹9,99935% offFree delivery by TodayUpto ₹5,950 Off on ExchangeBank Offer"
4,"IQOO Z6 Lite 5G (With Charger) (Stellar Green, 128 GB)","4.31,906 Ratings & 118 Reviews",6 GB RAM | 128 GB ROM,16.97 cm (6.68 inch) Display,50MP Rear Camera,5000 mAh Battery,,"₹15,265₹19,99923% offFree delivery by TodayNo Cost EMI from ₹2,545/monthBank Offer"
5,Micromax S114,3.8377 Ratings & 20 Reviews,32 MB RAM | 64 MB ROM,4.5 cm (1.77 inch) Display,0.08MP Rear Camera,1000 mAh Battery,,"₹930₹1,79948% offFree delivery by TodayBank Offer"
6,Micromax S114,3.8377 Ratings & 20 Reviews,32 MB RAM | 64 MB ROM,4.5 cm (1.77 inch) Display,0.08MP Rear Camera,1000 mAh Battery,,"₹956₹1,79946% offFree delivery by TodayBank Offer"
7,Micromax S114,3.8377 Ratings & 20 Reviews,32 MB RAM | 64 MB ROM,4.5 cm (1.77 inch) Display,0.08MP Rear Camera,1000 mAh Battery,,"₹965₹1,79946% offFree delivery by TodayBank Offer"
8,DIZO Star 500,"3.915,700 Ratings & 1,725 Reviews",32 MB RAM | 32 MB ROM | Expandable Upto 64 GB,7.11 cm (2.8 inch) QVGA Display,0.3MP Rear Camera,1900 mAh Battery,1 Year Warranty,"₹1,765₹1,99911% offFree delivery by TodayBank Offer"
9,"MOTOROLA Edge 40 (Nebula Green, 256 GB)","4.216,486 Ratings & 2,523 Reviews",8 GB RAM | 256 GB ROM,16.51 cm (6.5 inch) Full HD+ Display,50MP + 13MP | 32MP Front Camera,4400 mAh Battery,Vegan Leather,"₹29,999₹34,99914% off"
10,LAVA Hero 600i,"41,501 Ratings & 87 Reviews",4 MB RAM | 3 MB ROM | Expandable Upto 32 GB,4.57 cm (1.8 inch) Display,620 mAh Battery,1 year manufacturer warranty for device and 6 months manufacturer warranty for in-box accessories including batteries from the date of purchase,,"₹898₹1,19925% offFree delivery by TodayBank Offer"
11,Nokia 105 PLUS,"4.110,592 Ratings & 709 Reviews",4 MB RAM | 4 MB ROM,4.5 cm (1.77 inch) Display,0MP Front Camera,1000 mAh Lithium Ion Battery,1 Year Manufacturer Warranty For Device And 6 Months Manufacturer Warranty For In-Box Accessories Including Battery From The Date Of Purchase,"₹1,549₹1,89918% offFree delivery by TodayBank Offer"
12,"Infinix HOT 30 5G (Knight Black, 128 GB)",4.2542 Ratings & 63 Reviews,4 GB RAM | 128 GB ROM | Expandable Upto 1 TB,17.22 cm (6.78 inch) Full HD+ Display,50 MP + AI Lens | 8MP Front Camera,6000 mAh Lithium Ion Polymer Battery,1 Year on Handset and 6 Months on Accessories,"₹12,499₹14,99916% offFree delivery by TodayUpto ₹11,950 Off on ExchangeBank Offer"
13,"APPLE iPhone 14 (Purple, 128 GB)","4.645,294 Ratings & 1,720 Reviews",128 GB ROM,15.49 cm (6.1 inch) Super Retina XDR Display,12MP + 12MP | 12MP Front Camera,"A15 Bionic Chip, 6 Core Processor Processor",,"₹68,999₹79,90013% offFree delivery by TodayDaily SaverUpto ₹61,000 Off on Exchange"
14,"MOTOROLA g73 5G (Lucent White, 128 GB)","423,948 Ratings & 2,888 Reviews",8 GB RAM | 128 GB ROM | Expandable Upto 1 TB,16.51 cm (6.5 inch) Full HD+ Display,50MP + 8MP | 16MP Front Camera,5000 mAh Battery,1 Year Manufacturer Warranty for Phone and 6 Months Warranty for In the Box Accessories,"₹16,999₹21,99922% offFree delivery by TodayUpto ₹16,450 Off on ExchangeBank Offer"
15,"realme 10 Pro 5G (Hyperspace, 128 GB)","4.327,837 Ratings & 2,023 Reviews",8 GB RAM | 128 GB ROM | Expandable Upto 1 TB,17.07 cm (6.72 inch) Full HD+ Display,108MP + 2MP | 16MP Front Camera,5000 mAh Battery,1 Year Manufacturer Warranty for Phone and 6 Months Warranty for In-Box Accessories,"₹19,999₹22,99913% offFree delivery by TodayDaily SaverUpto ₹19,350 Off on Exchange"
16,"realme 10 Pro 5G (Nebula Blue, 128 GB)","4.327,837 Ratings & 2,023 Reviews",8 GB RAM | 128 GB ROM | Expandable Upto 1 TB,17.07 cm (6.72 inch) Full HD+ Display,108MP + 2MP | 16MP Front Camera,5000 mAh Battery,1 Year Manufacturer Warranty for Phone and 6 Months Warranty for In-Box Accessories,"₹19,999₹22,99913% offFree delivery by TodayDaily SaverUpto ₹19,350 Off on Exchange"
17,"REDMI Note 12 (Lunar Black, 64 GB)","4.111,169 Ratings & 948 Reviews",6 GB RAM | 64 GB ROM | Expandable Upto 1 TB,16.94 cm (6.67 inch) Full HD+ Super AMOLED Display,50MP + 8MP + 2MP | 13MP Front Camera,5000 mAh Battery,1 Year Manufacturer Warranty for Phone and 6 Months Warranty for In the Box Accessories,"₹13,999₹18,99926% offFree delivery by TodayUpto ₹12,200 Off on ExchangeNo Cost EMI from ₹1,556/month"
18,"REDMI A1+ (Light Green, 32 GB)","4.29,758 Ratings & 400 Reviews",2 GB RAM | 32 GB ROM | Expandable Upto 512 GB,16.56 cm (6.52 inch) HD+ Display,8MP Rear Camera | 5MP Front Camera,5000 mAh Lithium Polymer Battery,1 Year Manufacturer Warranty for Phone and 6 Months Warranty for in the Box Accessories,"₹6,299₹9,99937% offFree delivery by TodayUpto ₹5,750 Off on ExchangeBank Offer"
19,"realme 10 Pro 5G (Hyperspace, 128 GB)","4.334,512 Ratings & 2,481 Reviews",6 GB RAM | 128 GB ROM | Expandable Upto 1 TB,17.07 cm (6.72 inch) Full HD+ Display,108MP + 2MP | 16MP Front Camera,5000 mAh Battery,1 Year Manufacturer Warranty for Phone and 6 Months Warranty for In-Box Accessories,"₹18,999₹20,9999% offFree delivery by TodayUpto ₹18,400 Off on ExchangeNo Cost EMI from ₹3,167/month"
20,"realme 10 Pro 5G (Nebula Blue, 128 GB)","4.334,512 Ratings & 2,481 Reviews",6 GB RAM | 128 GB ROM | Expandable Upto 1 TB,17.07 cm (6.72 inch) Full HD+ Display,108MP + 2MP | 16MP Front Camera,5000 mAh Battery,1 Year Manufacturer Warranty for Phone and 6 Months Warranty for In-Box Accessories,"₹18,999₹20,9999% offFree delivery by TodayUpto ₹18,400 Off on ExchangeNo Cost EMI from ₹3,167/month"
21,Snexian Guru 310,"3.321,177 Ratings & 1,684 Reviews",32 MB RAM | 64 MB ROM | Expandable Upto 16 GB,4.57 cm (1.8 inch) NA Display,0.3MP Rear Camera,800 mAh Battery,,₹670₹83319% offFree deliveryBank Offer
22,"POCO X5 5G (Wildcat Blue, 128 GB)","4.216,671 Ratings & 1,273 Reviews",6 GB RAM | 128 GB ROM | Expandable Upto 1 TB,16.94 cm (6.67 inch) Full HD+ Display,48MP + 8MP + 2MP | 13MP Front Camera,5000 mAh Battery,1 Year Manufacturer Warranty for Phone and 6 Months Warranty for In the Box Accessories,"₹15,999₹20,99923% offFree delivery by TodayUpto ₹15,450 Off on ExchangeNo Cost EMI from ₹2,667/month"
23,"vivo Y02t (Cosmic Grey, 64 GB)",4.2643 Ratings & 29 Reviews,4 GB RAM | 64 GB ROM,16.54 cm (6.51 inch) HD+ Display,8MP Rear Camera | 5MP Front Camera,5000 mAh Battery,1 Year Handset and 6 Months Accessories,"₹9,999₹15,99937% offFree delivery by TodayUpto ₹9,400 Off on ExchangeBank Offer"
