,0,1,2,3,4,5,6,7
0,"Infinix Zero 5G 2023 (Pearly White, 128 GB)","4.16,528 Ratings & 667 Reviews",8 GB RAM | 128 GB ROM | Expandable Upto 256 GB,17.22 cm (6.78 inch) Full HD+ Display,50MP + 2MP + 2MP | 16MP Front Camera,5000 mAh Lithium-ion Polymer Battery,1 Year on Handset and 6 Months on Accessories,"₹14,999₹24,99940% offFree delivery by TodayUpto ₹14,300 Off on ExchangeBank Offer"
1,"SAMSUNG Galaxy M14 5G (Berry Blue, 128 GB)","4.22,378 Ratings & 175 Reviews",6 GB RAM | 128 GB ROM,16.76 cm (6.6 inch) Display,50MP Rear Camera,6000 mAh Battery,,"₹15,186₹18,99020% offFree delivery by TodayNo Cost EMI from ₹2,531/monthBank Offer"
2,Nokia 105,"4.216,746 Ratings & 1,565 Reviews",4 MB RAM | 4 MB ROM,4.57 cm (1.8 inch) Display,0.03MP Rear Camera,1000 mAh Battery,,"₹1,549₹1,5993% offFree delivery by TodayBank Offer"
3,"REDMI 12C (Matte Black, 64 GB)","4.21,774 Ratings & 98 Reviews",4 GB RAM | 64 GB ROM,17.04 cm (6.71 inch) Display,50MP Rear Camera,5000 mAh Battery,,"₹8,620₹13,99938% offFree delivery by TodayNo Cost EMI from ₹1,437/monthBank Offer"
4,"realme 11 Pro 5G (Astral Black, 256 GB)",4.2427 Ratings & 37 Reviews,12 GB RAM | 256 GB ROM,17.02 cm (6.7 inch) Full HD+ Display,100MP (OIS) + 2MP | 16MP Front Camera,5000 mAh Battery,1 Year Manufacturer Warranty for Device and 6 Months Manufacturer Warranty for In-Box Accessories,"₹27,999₹30,9999% offFree delivery by TodayUpto ₹27,000 Off on ExchangeNo Cost EMI from ₹3,111/month"
5,"SAMSUNG Galaxy F14 5G (B.A.E. Purple, 128 GB)","4.211,408 Ratings & 859 Reviews",4 GB RAM | 128 GB ROM | Expandable Upto 1 TB,16.76 cm (6.6 inch) Full HD+ Display,50MP + 2MP | 13MP Front Camera,6000 mAh Battery,1 Year Manufacturer Warranty for Device and 6 Months Manufacturer Warranty for In-Box Accessories,"₹13,990₹17,49020% offFree delivery by TodayUpto ₹13,250 Off on ExchangeNo Cost EMI from ₹1,555/month"
6,Kechaoda A26,"417,270 Ratings & 1,150 Reviews",32 MB RAM | 32 MB ROM | Expandable Upto 16 GB,1.68 cm (0.66 inch) Display,800 mAh Battery,1 Year Company Warranty,,"₹998₹1,59937% offFree deliveryDaily SaverBank Offer"
7,A10E,"4.11,624 Ratings & 120 Reviews",4 MB RAM | 32 MB ROM,4.57 cm (1.8 inch) Display,800 mAh Battery,2 Years Domestic Replacement Warranty,,"₹1,399₹1,59912% offFree delivery by TodayBank Offer"
8,"POCO M4 5G (Power Black, 64 GB)","4.290,958 Ratings & 6,283 Reviews",4 GB RAM | 64 GB ROM | Expandable Upto 512 GB,16.71 cm (6.58 inch) Full HD+ Display,50MP + 2MP | 8MP Front Camera,5000 mAh Lithium Ion Polymer Battery,1 Year Warranty for Handset and 6 Months for Accessories,"₹12,999₹15,99918% offFree delivery by TodayUpto ₹12,450 Off on ExchangeBank Offer"
9,"realme Narzo 60 5G (Mars Orange, 128 GB)",4.1116 Ratings & 3 Reviews,8 GB RAM | 128 GB ROM,16.33 cm (6.43 inch) Display,64MP Rear Camera,5000 mAh Battery,,"₹18,257₹19,9998% offFree delivery by TodayBank Offer"
10,"SAMSUNG Galaxy F23 5G (Copper Blush, 128 GB)","4.32,04,853 Ratings & 15,627 Reviews",6 GB RAM | 128 GB ROM | Expandable Upto 1 TB,16.76 cm (6.6 inch) Full HD+ Display,50MP + 8MP + 2MP | 8MP Front Camera,5000 mAh Lithium Ion Battery,1 Year Warranty Provided by the Manufacturer from Date of Purchase,"₹16,999₹23,99929% offFree delivery by TodayUpto ₹16,350 Off on ExchangeNo Cost EMI from ₹2,834/month"
11,Good One G5605,"3.92,954 Ratings & 497 Reviews",32 MB RAM | 32 MB ROM | Expandable Upto 32 GB,4.57 cm (1.8 inch) Display,2MP Rear Camera,2500 mAh Battery,,"₹999₹1,99950% offFree delivery by TodayBank Offer"
12,LAVA Hero 600i,"41,501 Ratings & 87 Reviews",4 MB RAM | 3 MB ROM | Expandable Upto 32 GB,4.57 cm (1.8 inch) QVGA Display,620 mAh Battery,1 year manufacturer warranty for device and 6 months manufacturer warranty for in-box accessories including batteries from the date of purchase,,"₹898₹1,19925% offFree delivery by TodayBank Offer"
13,Jmax J30,3.6466 Ratings & 33 Reviews,32 MB RAM | 32 MB ROM,4.57 cm (1.8 inch) Display,2MP Rear Camera,1050 mAh Battery,,"₹699₹1,39950% offFree delivery by TodayBank Offer"
14,GFive U106,"3.52,467 Ratings & 199 Reviews",32 MB RAM | 64 MB ROM | Expandable Upto 16 GB,4.57 cm (1.8 inch) Display,0.3MP Rear Camera,950 mAh Battery,,₹725₹99927% offFree delivery by TodayHot DealBank Offer
15,"REDMI 12C (Royal Blue, 128 GB)","4.21,774 Ratings & 98 Reviews",4 GB RAM | 128 GB ROM | Expandable Upto 1 TB,17.04 cm (6.71 inch) HD+ Display,50MP Rear Camera | 5MP Front Camera,5000 mAh Battery,1 Year Manufacturer Warranty for Device and 6 Months Manufacturer Warranty for In-Box Accessories,"₹9,388₹14,99937% offFree delivery by TodayDaily SaverNo Cost EMI from ₹1,565/month"
16,"realme 11 Pro 5G (Astral Black, 128 GB)","4.321,472 Ratings & 1,977 Reviews",8 GB RAM | 128 GB ROM,17.02 cm (6.7 inch) Full HD+ Display,100MP (OIS) + 2MP | 16MP Front Camera,5000 mAh Battery,1 Year Manufacturer Warranty for Device and 6 Months Manufacturer Warranty for In-Box Accessories,"₹23,999₹25,9997% offFree delivery by TodayUpto ₹23,100 Off on ExchangeNo Cost EMI from ₹4,000/month"
17,Kechaoda K55,3.8318 Ratings & 11 Reviews,32 MB RAM | 64 MB ROM,4.57 cm (1.8 inch) Quarter QVGA Display,1.3MP Rear Camera,400 mAh Battery,,"₹1,160₹1,49922% offFree deliveryDaily SaverBank Offer"
18,"SAMSUNG Galaxy F23 5G (Forest Green, 128 GB)","4.32,04,853 Ratings & 15,627 Reviews",6 GB RAM | 128 GB ROM | Expandable Upto 1 TB,16.76 cm (6.6 inch) Full HD+ Display,50MP + 8MP + 2MP | 8MP Front Camera,5000 mAh Lithium Ion Battery,1 Year Warranty Provided by the Manufacturer from Date of Purchase,"₹16,999₹23,99929% offFree delivery by TodayUpto ₹16,350 Off on ExchangeNo Cost EMI from ₹2,834/month"
19,"realme C30 (Bamboo Green, 32 GB)","4.21,07,613 Ratings & 5,706 Reviews",2 GB RAM | 32 GB ROM | Expandable Upto 1 TB,16.51 cm (6.5 inch) HD+ Display,8MP Rear Camera | 5MP Front Camera,5000 mAh Lithium Ion Battery,1 Year Manufacturer Warranty for Phone and 6 Months Warranty for In-Box Accessories,"₹5,999₹8,49929% offFree delivery by TodayUpto ₹5,450 Off on ExchangeBank Offer"
20,Nokia 150 DS RED 2023,"4.220,605 Ratings & 1,922 Reviews",4 MB RAM | 4 MB ROM,6.1 cm (2.4 inch) Display,0.3MP Rear Camera,1450 mAh Battery,,"₹3,149₹3,1991% offFree delivery by TodayBank Offer"
21,LAVA A1,"4.220,605 Ratings & 1,922 Reviews",4 MB RAM | 24 MB ROM | Expandable Upto 32 GB,4.5 cm (1.77 inch) Display,0.3MP Rear Camera,800 mAh Battery,,"₹1,049"
22,LAVA A1,"3.92,954 Ratings & 497 Reviews",4 MB RAM | 24 MB ROM | Expandable Upto 32 GB,4.5 cm (1.77 inch) Display,0.3MP Rear Camera,800 mAh Battery,,"₹1,159Free delivery by TodayBank Offer"
