,0,1,2,3,4,5,6,7
0,"vivo Y56 5G (Black Engine, 128 GB)","4.21,675 Ratings & 108 Reviews",8 GB RAM | 128 GB ROM,16.71 cm (6.58 inch) Full HD+ Display,50MP + 2MP | 16MP Front Camera,5000 mAh Battery,1 Year Manufacturer Warranty for Handset and 6 Months Manufacturer Warranty for In-Box Accessories,"₹18,999₹24,99924% offFree deliveryLowest price since launchUpto ₹18,400 Off on Exchange"
1,"SAMSUNG Galaxy S20 FE 5G (Cloud Lavender, 128 GB)","4.22,124 Ratings & 142 Reviews",8 GB RAM | 128 GB ROM,16.51 cm (6.5 inch) Display,32MP Rear Camera,4500 mAh Battery,,"₹27,990₹64,99956% offFree deliveryNo Cost EMI from ₹4,665/monthBank Offer"
2,Kechaoda K10,"3.914,674 Ratings & 943 Reviews",32 MB RAM | 32 MB ROM,1.68 cm (0.66 inch) NA Display,300 mAh Battery,1 Year Manufacturer Warranty,,"₹1,090₹1,27714% offFree deliveryBank Offer"
3,"REDMI Note 12 Pro+ 5G (Iceberg Blue, 256 GB)","4.25,503 Ratings & 634 Reviews",12 GB RAM | 256 GB ROM,16.94 cm (6.67 inch) Full HD+ AMOLED Display,200MP + 8MP + 2MP | 16MP Front Camera,4980 mAh Lithium Polymer Battery,1 Year Manufacturer Warranty for Phone and 6 Months Warranty for In the Box Accessories,"₹32,999₹36,99910% offFree deliveryDaily SaverUpto ₹32,200 Off on Exchange"
4,Snexian ROCK 310,3.4254 Ratings & 19 Reviews,32 MB RAM | 32 MB ROM,4.5 cm (1.77 inch) NA Display,0.3MP Rear Camera,1000 mAh Battery,,"₹699₹1,49953% offFree deliveryBank Offer"
5,"vivo Y16 (Drizzling Gold, 64 GB)","4.22,800 Ratings & 154 Reviews",3 GB RAM | 64 GB ROM | Expandable Upto 1 TB,16.54 cm (6.51 inch) HD+ Display,13MP + 2MP | 5MP Front Camera,5000 mAh Lithium Battery,1 Year of Device & 6 Months for In-Box Accessories,"₹10,999₹13,99921% offFree deliveryNo Cost EMI from ₹1,834/monthBank Offer"
6,KARBONN K110i,3.6300 Ratings & 27 Reviews,0 MB ROM | Expandable Upto 8 GB,4.57 cm (1.8 inch) QVGA Display,1000 mAh Battery,1 Year for Mobile & 6 Months for Accessories,,"₹997₹1,24019% offFree deliveryBank Offer"
7,"REDMI 11 Prime (Playful Green, 64 GB)","4.34,914 Ratings & 246 Reviews",4 GB RAM | 64 GB ROM | Expandable Upto 512 GB,16.71 cm (6.58 inch) Full HD+ Display,50MP + 2MP + 2MP | 8MP Front Camera,5000 mAh Battery,1 Year Manufacturer Warranty for Phone and 6 Months Warranty for In the Box Accessories,"₹8,999₹14,99940% offFree deliveryUpto ₹8,450 Off on ExchangeBank Offer"
8,"APPLE iPhone 14 Plus (Blue, 128 GB)","4.614,064 Ratings & 879 Reviews",128 GB ROM,17.02 cm (6.7 inch) Super Retina XDR Display,12MP + 12MP | 12MP Front Camera,"A15 Bionic Chip, 6 Core Processor Processor",,"₹77,999₹89,90013% offFree deliveryDaily SaverUpto ₹61,000 Off on Exchange"
9,"SAMSUNG Galaxy M04 (Light Green, 128 GB)","4.14,719 Ratings & 298 Reviews",4 GB RAM | 128 GB ROM,16.51 cm (6.5 inch) HD+ Display,13MP + 2MP,5000 mAh Battery,1 year manufacturer warranty for device and 6 months manufacturer warranty for in-box accessories,"₹9,900₹13,49926% offFree deliveryBank Offer"
10,itel Muzik 110| 1900 mAh battery| Expandable Storage upto 32GB,4.1461 Ratings & 45 Reviews,4 MB RAM | 4 MB ROM | Expandable Upto 32 GB,4.57 cm (1.8 inch) Display,0.3MP Rear Camera,1900 mAh Lithium-ion Battery,1 Year Manufacturer Warranty for Device and 6 Months Manufacturer Warranty for In-box Accessories Including Batteries from the Date of Purchase,"₹1,279₹1,2991% offFree deliveryHot DealBank Offer"
11,Kechaoda K60,"4.11,424 Ratings & 134 Reviews",32 MB RAM | 32 MB ROM | Expandable Upto 16 GB,6.1 cm (2.4 inch) QVGA Display,0.3MP Rear Camera | 0.3MP Front Camera,3600 mAh Battery,,"₹1,789₹2,49928% offFree deliveryHot DealBank Offer"
12,"vivo Y56 5G (Black Engine, 128 GB)",4.2130 Ratings & 4 Reviews,4 GB RAM | 128 GB ROM,16.71 cm (6.58 inch) Full HD+ Display,50MP + 2MP | 16MP Front Camera,5000 mAh Battery,1 Year Manufacturer Warranty for Handset and 6 Months Manufacturer Warranty for In-Box Accessories,"₹17,999₹22,99921% offFree deliveryUpto ₹17,300 Off on ExchangeBank Offer"
13,"REDMI Note 12 Pro+ 5G (Arctic White, 256 GB)","4.25,503 Ratings & 634 Reviews",12 GB RAM | 256 GB ROM,16.94 cm (6.67 inch) Full HD+ AMOLED Display,200MP + 8MP + 2MP | 16MP Front Camera,4980 mAh Lithium Polymer Battery,1 Year Manufacturer Warranty for Phone and 6 Months Warranty for In the Box Accessories,"₹32,999₹36,99910% offFree deliveryDaily SaverUpto ₹32,200 Off on Exchange"
14,Cellecor E8 Plus,3.6314 Ratings & 18 Reviews,32 MB RAM | 32 MB ROM,6.1 cm (2.4 inch) Display,0.8MP Rear Camera,2750 mAh Battery,,"₹1,322₹1,94932% offFree deliveryDaily SaverBank Offer"
15,LAVA LF9000,4.2152 Ratings & 8 Reviews,20 MB RAM | 20 MB ROM,7.11 cm (2.8 inch) Display,2575 mAh Battery,1 year manufacturer replacement guarantee for Phone and 6 months replacement for accessories in the box,,"₹1,689₹2,09919% offFree deliveryDaily SaverBank Offer"
16,Nokia 150 TA-1235 DS,"4.113,950 Ratings & 988 Reviews",4 MB RAM | 4 MB ROM | Expandable Upto 32 GB,6.1 cm (2.4 inch) Display,0.3MP Rear Camera,1020 mAh Lithium-ion Battery,1 Year Manufacturer Warranty for Device and 6 Months Manufacturer Warranty for In-box Accessories Including Batteries from the Date of Purchase,"₹2,650₹2,99911% offFree deliveryBank Offer"
17,"vivo Y56 5G (Orange Shimmer, 128 GB)",4.2130 Ratings & 4 Reviews,4 GB RAM | 128 GB ROM,16.71 cm (6.58 inch) Full HD+ Display,50MP + 2MP | 16MP Front Camera,5000 mAh Battery,1 Year Manufacturer Warranty for Handset and 6 Months Manufacturer Warranty for In-Box Accessories,"₹17,999₹22,99921% offFree deliveryUpto ₹17,300 Off on ExchangeBank Offer"
18,KARBONN KX3S,3.798 Ratings & 7 Reviews,32 MB RAM | 32 MB ROM | Expandable Upto 16 GB,4.57 cm (1.8 inch) FWVGA+ Display,0MP | 0.03MP Front Camera,1000 mAh Battery,1 year manufacturer defect,"₹1,070₹1,19010% offFree deliveryBank Offer"
19,LAVA A7 Star,4299 Ratings & 25 Reviews,24 MB RAM | 32 MB ROM | Expandable Upto 32 GB,6.1 cm (2.4 inch) Quarter QVGA Display,0.3MP Rear Camera | 0MP Front Camera,1800 mAh Lithium Ion Battery,,"₹1,499₹1,89921% offFree deliveryBank Offer"
20,"vivo Y100 5G (Twilight Gold, 128 GB)","4.31,959 Ratings & 147 Reviews",8 GB RAM | 128 GB ROM,16.21 cm (6.38 inch) Full HD+ AMOLED Display,64MP (OIS) + 2MP + 2MP | 16MP Front Camera,4500 mAh Battery,1 Year Manufacturer Warranty for Handset and 6 Months Manufacturer Warranty for In-Box Accessories,"₹23,999₹29,99920% offFree deliveryUpto ₹23,450 Off on ExchangeNo Cost EMI from ₹4,000/month"
21,"Tecno Spark 10 (Meta Blue, 128 GB)",4.559 Ratings & 3 Reviews,8 GB RAM | 128 GB ROM | Expandable Upto 1 TB,16.76 cm (6.6 inch) HD+ Display,50MP Rear Camera | 8MP Front Camera,5000 mAh Battery,1 Year Manufacturer Warranty for Device and 6 Months Manufacturer Warranty for In-Box Accessories,"₹11,098₹13,49917% offFree deliveryBank Offer"
22,"Tecno Spark 9 (Sky Mirror, 128 GB)","41,054 Ratings & 63 Reviews",6 GB RAM | 128 GB ROM | Expandable Upto 128 GB,16.76 cm (6.6 inch) HD+ Display,13MP Rear Camera | 8MP Front Camera,5000 mAh Battery,1 year manufacturer warranty,"₹10,995₹13,49918% offFree deliveryBank Offer"
23,KARBONN KX 29,3.8683 Ratings & 66 Reviews,32 MB RAM | 32 MB ROM | Expandable Upto 32 GB,6.1 cm (2.4 inch) Display,0.3MP Rear Camera,3000 mAh Battery,,"₹1,499₹1,89020% offFree deliveryBank Offer"
