,0,1,2,3,4,5,6,7
0,"SAMSUNG Galaxy F04 (Opal Green, 64 GB)","4.237,930 Ratings & 2,210 Reviews",4 GB RAM | 64 GB ROM | Expandable Upto 1 TB,16.51 cm (6.5 inch) HD Display,13MP + 2MP | 5MP Front Camera,5000 mAh Lithium-Ion Battery,1 Year Manufacturer Warranty for Device and 6 Months Manufacturer Warranty for In-Box Accessories,"₹8,499₹11,49926% offFree delivery by TodayBank Offer"
1,"SAMSUNG Galaxy F23 5G (Aqua Blue, 128 GB)","4.32,04,853 Ratings & 15,925 Reviews",6 GB RAM | 128 GB ROM | Expandable Upto 1 TB,16.76 cm (6.6 inch) Full HD+ Display,50MP + 8MP + 2MP | 8MP Front Camera,5000 mAh Lithium Ion Battery,1 Year Warranty Provided by the Manufacturer from Date of Purchase,"₹16,999₹23,99929% offFree delivery by TodayNo Cost EMI from ₹2,834/monthBank Offer"
2,"Infinix HOT 30 5G (Miami Orange, 128 GB)","4.22,605 Ratings & 289 Reviews",8 GB RAM | 128 GB ROM | Expandable Upto 1 TB,17.22 cm (6.78 inch) Full HD+ Display,50 MP + AI Lens | 8MP Front Camera,6000 mAh Lithium Ion Polymer Battery,1 Year on Handset and 6 Months on Accessories,"₹13,499₹16,99920% offFree delivery by TodayBank Offer"
3,"REDMI Note 12 5G (Frosted Green, 128 GB)","4.14,539 Ratings & 330 Reviews",6 GB RAM | 128 GB ROM | Expandable Upto 1 TB,16.94 cm (6.67 inch) Full HD+ AMOLED Display,48MP + 8MP + 2MP | 13MP Front Camera,5000 mAh Battery,1 Year Manufacturer Warranty for Phone and 6 Months Warranty for In the Box Accessories,"₹18,999₹21,99913% offFree delivery by TodayDaily SaverNo Cost EMI from ₹3,167/month"
4,"POCO X5 5G (Jaguar Black, 256 GB)","4.15,208 Ratings & 406 Reviews",8 GB RAM | 256 GB ROM | Expandable Upto 1 TB,16.94 cm (6.67 inch) Full HD+ Display,48MP + 8MP + 2MP | 13MP Front Camera,5000 mAh Battery,1 Year Manufacturer Warranty for Phone and 6 Months Warranty for In the Box Accessories,"₹17,999₹23,99925% offFree delivery by TodayNo Cost EMI from ₹3,000/monthBank Offer"
5,Nokia 105 SS 2021,"4.285,073 Ratings & 6,331 Reviews",4 MB RAM | 4 MB ROM,4.5 cm (1.77 inch) Quarter QVGA Display,800 mAh Lithium Ion Battery,Brand Warranty of 1 Year Available for Mobile,,"₹1,549₹1,5993% offFree delivery by TodayBank Offer"
6,"realme 11 Pro 5G (Sunrise Beige, 256 GB)","4.321,472 Ratings & 2,132 Reviews",8 GB RAM | 256 GB ROM,17.02 cm (6.7 inch) Full HD+ Display,100MP (OIS) + 2MP | 16MP Front Camera,5000 mAh Battery,1 Year Manufacturer Warranty for Device and 6 Months Manufacturer Warranty for In-Box Accessories,"₹24,999₹27,99910% offFree delivery by TodayDaily SaverNo Cost EMI from ₹4,167/month"
7,"POCO M5 (Yellow, 128 GB)","4.26,724 Ratings & 456 Reviews",6 GB RAM | 128 GB ROM | Expandable Upto 512 GB,16.71 cm (6.58 inch) Full HD+ Display,50MP + 2MP Depth Sensor + 2MP Macro Sensor | 8MP Front Camera,5000 mAh Lithium-ion Polymer Battery,"1 Year for Handset, 6 Months for Accessories","₹14,499₹18,99923% offFree delivery by TodayBank Offer"
8,Micromax X512,"3.910,658 Ratings & 954 Reviews",56 MB RAM | 24 MB ROM,4.5 cm (1.77 inch) Display,0.3MP Rear Camera,1750 mAh Battery,,"₹1,090₹1,39922% offFree deliveryHot DealBank Offer"
9,LAVA A1,"4.21,10,158 Ratings & 11,555 Reviews",24 MB RAM | 24 MB ROM | Expandable Upto 32 GB,4.5 cm (1.77 inch) Quarter QVGA Display,0.3MP Rear Camera,800 mAh Battery,,"₹1,049"
10,"Infinix Zero 5G 2023 (Submariner Black, 128 GB)","4.16,528 Ratings & 699 Reviews",8 GB RAM | 128 GB ROM | Expandable Upto 256 GB,17.22 cm (6.78 inch) Full HD+ Display,50MP + 2MP + 2MP | 16MP Front Camera,5000 mAh Lithium-ion Polymer Battery,1 Year on Handset and 6 Months on Accessories,"₹14,999₹24,99940% off"
11,LAVA A3 Power,"4.12,661 Ratings & 244 Reviews",0 GB ROM | Expandable Upto 32 GB,4.5 cm (1.77 inch) Quarter QVGA Display,0.3MP Rear Camera,2575 mAh Li-ion Battery,,"₹1,379₹1,69918% offFree delivery by TodayBank Offer"
12,"MOTOROLA g42 (Atlantic Green, 64 GB)","4.29,973 Ratings & 1,051 Reviews",4 GB RAM | 64 GB ROM,16.26 cm (6.402 inch) Full HD+ AMOLED Display,50MP + 8MP + 2MP | 16MP Front Camera,5000 mAh Lithium polymer Battery,1 Year on Handset and 6 Months on Accessories,"₹12,499₹16,99926% offFree delivery by TodayBank Offer"
13,"REDMI Note 12 (Sunrise Gold, 64 GB)","4.111,169 Ratings & 990 Reviews",6 GB RAM | 64 GB ROM | Expandable Upto 1 TB,16.94 cm (6.67 inch) Full HD+ Super AMOLED Display,50MP + 8MP + 2MP | 13MP Front Camera,5000 mAh Battery,1 Year Manufacturer Warranty for Phone and 6 Months Warranty for In the Box Accessories,"₹13,999₹18,99926% offFree delivery by TodayNo Cost EMI from ₹1,556/monthBank Offer"
14,"REDMI Note 12 (Ice Blue, 64 GB)","4.111,169 Ratings & 990 Reviews",6 GB RAM | 64 GB ROM | Expandable Upto 1 TB,16.94 cm (6.67 inch) Full HD+ Super AMOLED Display,50MP + 8MP + 2MP | 13MP Front Camera,5000 mAh Battery,1 Year Manufacturer Warranty for Phone and 6 Months Warranty for In the Box Accessories,"₹13,999₹18,99926% offFree delivery by TodayNo Cost EMI from ₹1,556/monthBank Offer"
15,"SAMSUNG Galaxy F13 (Sunrise Copper, 128 GB)","4.31,65,251 Ratings & 9,667 Reviews",4 GB RAM | 128 GB ROM | Expandable Upto 1 TB,16.76 cm (6.6 inch) Full HD+ Display,50MP + 5MP + 2MP | 8MP Front Camera,6000 mAh Lithium Ion Battery,1 Year Warranty Provided By the Manufacturer from Date of Purchase,"₹11,999₹16,99929% off"
16,"POCO X4 Pro 5G (Laser Blue, 128 GB)","4.223,357 Ratings & 2,289 Reviews",8 GB RAM | 128 GB ROM | Expandable Upto 1 TB,16.94 cm (6.67 inch) Full HD+ Super AMOLED Display,64MP + 8MP + 2MP | 16MP Front Camera,5000 mAh Lithium-ion Polymer Battery,"One Year for Handset, 6 Months for Accessories","₹17,999₹25,99930% offFree delivery by TodayBank Offer"
17,"vivo Y02 (Cosmic Grey, 32 GB)",4.2783 Ratings & 39 Reviews,3 GB RAM | 32 GB ROM,16.54 cm (6.51 inch) HD+ Display,8MP Rear Camera | 5MP Front Camera,5000 mAh Battery,1 Year of Device & 6 Months for In-Box Accessories,"₹8,499₹12,99934% offFree delivery by TodayBank Offer"
18,"SAMSUNG Galaxy M14 5G (Icy Silver, 128 GB)","4.22,378 Ratings & 181 Reviews",6 GB RAM | 128 GB ROM,16.76 cm (6.6 inch) Display,50MP Rear Camera,6000 mAh Battery,,"₹15,389₹18,99018% offFree delivery by TodayBank Offer"
19,"OPPO Reno10 5G (Ice Blue, 256 GB)","4.37,930 Ratings & 1,288 Reviews",8 GB RAM | 256 GB ROM,17.02 cm (6.7 inch) Full HD+ Display,64MP + 32MP + 8MP | 32MP Front Camera,5000 mAh Battery,1 Year Manufacturer Warranty for Phone and 6 Months Warranty for In the Box Accessories,"₹32,999₹38,99915% off"
20,Nokia 105,"4.216,746 Ratings & 1,565 Reviews",4 MB RAM | 4 MB ROM,4.57 cm (1.8 inch) Display,0.03MP Rear Camera,1000 mAh Battery,,"₹1,549₹1,5993% offFree delivery by TodayBank Offer"
21,Good One G5605,"3.92,954 Ratings & 499 Reviews",32 MB RAM | 32 MB ROM | Expandable Upto 32 GB,4.57 cm (1.8 inch) Display,2MP Rear Camera,2500 mAh Battery,,"₹999₹1,99950% offFree delivery by TodayBank Offer"
22,Jmax J30,3.6466 Ratings & 35 Reviews,32 MB RAM | 32 MB ROM,4.57 cm (1.8 inch) Display,2MP Rear Camera,1050 mAh Battery,,"₹699₹1,39950% offFree delivery by TodayBank Offer"
23,"REDMI A2 (Sea Green, 64 GB)","4.11,531 Ratings & 90 Reviews",4 GB RAM | 64 GB ROM,16.56 cm (6.52 inch) Display,8MP Rear Camera,5000 mAh Battery,,"₹7,368₹10,99933% offFree delivery by TodayNo Cost EMI from ₹1,228/monthBank Offer"
