,0,1,2,3,4,5,6,7
0,"realme 11 Pro+ 5G (Sunrise Beige, 256 GB)","4.318,797 Ratings & 2,046 Reviews",8 GB RAM | 256 GB ROM,17.02 cm (6.7 inch) Full HD+ Display,200MP (OIS) + 8MP + 2MP | 32MP Front Camera,5000 mAh Battery,1 Year Manufacturer Warranty for Device and 6 Months Manufacturer Warranty for In-Box Accessories,"₹27,999₹29,9996% offFree deliveryUpto ₹26,000 Off on ExchangeNo Cost EMI from ₹4,667/month"
1,"realme 11 Pro+ 5G (Astral Black, 256 GB)","4.318,797 Ratings & 2,046 Reviews",8 GB RAM | 256 GB ROM,17.02 cm (6.7 inch) Full HD+ Display,200MP (OIS) + 8MP + 2MP | 32MP Front Camera,5000 mAh Battery,1 Year Manufacturer Warranty for Device and 6 Months Manufacturer Warranty for In-Box Accessories,"₹27,999₹29,9996% offFree deliveryUpto ₹26,000 Off on ExchangeNo Cost EMI from ₹4,667/month"
2,"I Kall S1 Plus (Golden, 128 GB)","4.215,412 Ratings & 1,450 Reviews",6 GB RAM | 128 GB ROM | Expandable Upto 512 GB,17.27 cm (6.8 inch) HD+ Display,13MP + 5MP + 2MP | 8MP Front Camera,6000 mAh Battery,1 Year Domestic Warranty,"₹9,999₹11,99916% offFree deliveryBank Offer"
3,"REDMI Note 12 Pro 5G (Onyx Black, 256 GB)","4.24,017 Ratings & 236 Reviews",8 GB RAM | 256 GB ROM,16.94 cm (6.67 inch) Full HD+ AMOLED Display,50MP (OIS) + 8MP + 2MP | 16MP Front Camera,5000 mAh Lithium Polymer Battery,1 Year Manufacturer Warranty for Phone and 6 Months Warranty for In the Box Accessories,"₹26,999₹31,99915% offFree deliveryUpto ₹26,450 Off on ExchangeNo Cost EMI from ₹3,000/month"
4,"SAMSUNG GALAXY M13 (Midnight Blue, 64 GB)",4.1659 Ratings & 30 Reviews,4 GB RAM | 64 GB ROM,16.76 cm (6.6 inch) Display,50MP Rear Camera,6000 mAh Battery,,"₹10,948₹14,99927% offFree deliveryBank Offer"
5,"realme Narzo 50i Prime (Dark Blue, 64 GB)","4.21,365 Ratings & 79 Reviews",4 GB RAM | 64 GB ROM,16.51 cm (6.5 inch) Display,8MP Rear Camera | 5MP Front Camera,5000 mAh Battery,1 Year Domestic Warranty for Phone and 6 Months Warranty for In-Box Accessories,"₹8,785₹9,99912% offFree deliveryDaily SaverBank Offer"
6,"realme Narzo N55 (Prime Black, 64 GB)","4.15,208 Ratings & 390 Reviews",4 GB RAM | 64 GB ROM,17.07 cm (6.72 inch) Display,64MP Rear Camera,5000 mAh Battery,,"₹11,025₹12,99915% offFree deliveryNo Cost EMI from ₹1,838/monthBank Offer"
7,"POCO X5 5G (Wildcat Blue, 256 GB)","3.910,735 Ratings & 1,238 Reviews",8 GB RAM | 256 GB ROM | Expandable Upto 1 TB,16.94 cm (6.67 inch) Full HD+ Display,48MP + 8MP + 2MP | 13MP Front Camera,5000 mAh Battery,1 Year Manufacturer Warranty for Phone and 6 Months Warranty for In the Box Accessories,"₹17,999₹23,99925% offFree deliveryUpto ₹17,300 Off on ExchangeNo Cost EMI from ₹3,000/month"
8,DIZO Star 300,4.2111 Ratings & 6 Reviews,32 MB RAM | 32 MB ROM | Expandable Upto 64 GB,4.5 cm (1.77 inch) Quarter QVGA Display,0.3MP Rear Camera,2550 mAh Battery,1 Year Warranty,"₹1,379₹1,4998% offFree deliveryBank Offer"
9,itel Power 440| 2500 mAh battery| Expandable Storage Upto 32GB,"4.246,300 Ratings & 3,301 Reviews",32 MB RAM | 32 MB ROM,6.1 cm (2.4 inch) Display,0.3MP Rear Camera,2500 mAh Battery,,"₹1,470₹1,89922% offFree deliveryDaily SaverBank Offer"
10,"POCO M4 5G (Power Black, 128 GB)","3.55,550 Ratings & 600 Reviews",6 GB RAM | 128 GB ROM | Expandable Upto 512 GB,16.71 cm (6.58 inch) Full HD+ Display,50MP + 2MP | 8MP Front Camera,5000 mAh Lithium Ion Polymer Battery,1 Year Warranty for Handset and 6 Months for Accessories,"₹14,999₹18,99921% offFree deliveryUpto ₹14,300 Off on ExchangeBank Offer"
11,GFive U220+,"4.21,774 Ratings & 98 Reviews",32 MB RAM | 32 ROM,4.57 cm (1.8 inch) Display,0.3MP Rear Camera,1000 mAh Battery,,"₹664₹1,09939% offFree deliveryDaily SaverBank Offer"
12,"REDMI 12C (Lavender Purple, 128 GB)",3.8683 Ratings & 66 Reviews,4 GB RAM | 128 GB ROM | Expandable Upto 1 TB,17.04 cm (6.71 inch) HD+ Display,50MP Rear Camera | 5MP Front Camera,5000 mAh Battery,1 Year Manufacturer Warranty for Device and 6 Months Manufacturer Warranty for In-Box Accessories,"₹9,300₹14,99937% offFree deliveryNo Cost EMI from ₹1,550/monthBank Offer"
13,KARBONN KX 29,"4.313,233 Ratings & 1,330 Reviews",32 MB RAM | 32 MB ROM | Expandable Upto 32 GB,6.1 cm (2.4 inch) Display,0.3MP Rear Camera,2700 mAh Battery,,"₹1,499₹1,89020% offFree deliveryBank Offer"
14,"POCO X5 Pro 5G (Yellow, 256 GB)","4.316,270 Ratings & 1,786 Reviews",8 GB RAM | 256 GB ROM,16.94 cm (6.67 inch) Full HD+ Display,108MP + 8MP + 2MP | 16MP Front Camera,5000 mAh Battery,1 Year Manufacturer Warranty for Phone and 6 Months Warranty for in the Box Accessories,"₹24,999₹28,99913% offFree deliveryDaily SaverUpto ₹24,000 Off on Exchange"
15,"realme GT 2 (Steel Black, 128 GB)","45,198 Ratings & 417 Reviews",8 GB RAM | 128 GB ROM,16.81 cm (6.62 inch) Full HD+ AMOLED Display,50MP + 8MP + 2MP | 16MP Front Camera,5000 mAh Lithium Ion Battery,1 Year Manufacturer Warranty for Phone and 6 Months Warranty for In-Box Accessories,"₹24,999₹39,99937% offFree deliveryUpto ₹24,000 Off on ExchangeBank Offer"
16,LAVA A1 2021,4287 Ratings & 28 Reviews,32 MB RAM | 24 MB ROM | Expandable Upto 32 GB,4.5 cm (1.77 inch) Quarter QVGA Display,0.3MP Rear Camera,800 mAh Li-ion Battery,,"₹1,129₹1,44922% offFree deliveryBank Offer"
17,KARBONN K531,"43,325 Ratings & 281 Reviews",32 MB RAM | 32 MB ROM | Expandable Upto 32 GB,6.1 cm (2.4 inch) Quarter QVGA Display,0.3MP Rear Camera,1800 mAh Battery,,"₹1,399₹1,79021% offFree deliveryBank Offer"
18,"REDMI Note 12 5G (Sunrise Gold, 128 GB)","48,047 Ratings & 572 Reviews",4 GB RAM | 128 GB ROM | Expandable Upto 1 TB,16.94 cm (6.67 inch) Full HD+ AMOLED Display,48MP + 8MP + 2MP | 13MP Front Camera,5000 mAh Battery,1 Year Manufacturer Warranty for Phone and 6 Months Warranty for In the Box Accessories,"₹16,999₹19,99915% offFree deliveryUpto ₹15,250 Off on ExchangeNo Cost EMI from ₹2,834/month"
19,Kechaoda A27,"4.229,435 Ratings & 1,983 Reviews",32 MB RAM | 32 MB ROM | Expandable Upto 16 GB,1.68 cm (0.66 inch) Display,800 mAh Battery,1 Year Warranty,,"₹999₹1,49933% offFree deliveryBank Offer"
20,"Infinix Hot 12 (Turquoise Cyan, 64 GB)",4.213 Ratings & 1 Reviews,4 GB RAM | 64 GB ROM,17.32 cm (6.82 inch) HD+ Display,50 MP + 2 MP Depth Lens + AI Lens | 8MP Front Camera,6000 mAh Lithium-ion Polymer Battery,1 Year on Handset and 6 Months on Accessories,"₹8,999₹12,99930% offFree deliveryUpto ₹8,450 Off on ExchangeBank Offer"
21,LAVA A3 VIBE,"3.93,829 Ratings & 296 Reviews",32 MB ROM | Expandable Upto 32 GB,4.5 cm (1.77 inch) Display,0.3MP Rear Camera | 0.3MP Front Camera,1750 mAh Battery,,"₹1,299₹1,59918% offFree deliveryBank Offer"
22,Micromax X818,"4.111,169 Ratings & 948 Reviews",32 MB RAM | 32 MB ROM,7.11 cm (2.8 inch) Display,0.3MP Rear Camera,1450 mAh Battery,,Price: Not Available
