,0,1,2,3,4,5,6,7
0,"realme 10 (Rush Black, 64 GB)","4.217,953 Ratings & 1,428 Reviews",4 GB RAM | 64 GB ROM | Expandable Upto 1 TB,16.26 cm (6.4 inch) Full HD+ Display,50MP + 2MP | 16MP Front Camera,5000 mAh Battery,1 Year Manufacturer Warranty for Phone and 6 Months Warranty for In-Box Accessories,"₹11,499₹15,99928% offFree delivery by TodayUpto ₹10,900 Off on ExchangeNo Cost EMI from ₹1,917/month"
1,"POCO C50 (Royal Blue, 32 GB)","417,413 Ratings & 1,098 Reviews",3 GB RAM | 32 GB ROM | Expandable Upto 512 GB,16.56 cm (6.52 inch) HD+ Display,8MP Dual Camera | 5MP Front Camera,5000 mAh Lithium Polymer Battery,1 Year Manufacturer Warranty for Phone and 6 Months Warranty for In the Box Accessories,"₹6,299₹9,99937% offFree delivery by TodayUpto ₹5,750 Off on ExchangeBank Offer"
2,"REDMI 11 Prime (Playful Green, 128 GB)","4.49,151 Ratings & 450 Reviews",6 GB RAM | 128 GB ROM | Expandable Upto 512 GB,16.71 cm (6.58 inch) Full HD+ Display,50MP + 2MP + 2MP | 8MP Front Camera,5000 mAh Battery,1 Year Manufacturer Warranty for Phone and 6 Months Warranty for In the Box Accessories,"₹10,999₹16,99935% offFree delivery by TodayUpto ₹10,300 Off on ExchangeBank Offer"
3,"realme C30 (Denim Black, 32 GB)","4.163,219 Ratings & 3,807 Reviews",3 GB RAM | 32 GB ROM | Expandable Upto 1 TB,16.51 cm (6.5 inch) HD+ Display,8MP Rear Camera | 5MP Front Camera,5000 mAh Lithium Ion Battery,1 Year Manufacturer Warranty for Phone and 6 Months Warranty for In-Box Accessories,"₹6,499₹9,29930% offFree delivery by TodayUpto ₹5,950 Off on ExchangeBank Offer"
4,"realme C55 (Rainy Night, 64 GB)","4.313,184 Ratings & 857 Reviews",6 GB RAM | 64 GB ROM | Expandable Upto 1 TB,17.07 cm (6.72 inch) Full HD+ Display,64MP + 2MP | 8MP Front Camera,5000 mAh Battery,1 Year Manufacturer Warranty for Phone and 6 Months Warranty for In the Box Accessories,"₹11,999₹13,99914% offFree delivery by TodayDaily SaverUpto ₹11,350 Off on Exchange"
5,"realme C55 (Sunshower, 64 GB)","4.313,184 Ratings & 857 Reviews",6 GB RAM | 64 GB ROM | Expandable Upto 1 TB,17.07 cm (6.72 inch) Full HD+ Display,64MP + 2MP | 8MP Front Camera,5000 mAh Battery,1 Year Manufacturer Warranty for Phone and 6 Months Warranty for In the Box Accessories,"₹11,999₹13,99914% offFree delivery by TodayDaily SaverUpto ₹11,350 Off on Exchange"
6,"realme C30 (Lake Blue, 32 GB)","4.163,219 Ratings & 3,807 Reviews",3 GB RAM | 32 GB ROM | Expandable Upto 1 TB,16.51 cm (6.5 inch) HD+ Display,8MP Rear Camera | 5MP Front Camera,5000 mAh Lithium Ion Battery,1 Year Manufacturer Warranty for Phone and 6 Months Warranty for In-Box Accessories,"₹6,499₹9,29930% offFree delivery by TodayUpto ₹5,950 Off on ExchangeBank Offer"
7,"SAMSUNG Galaxy M04 (Light Green, 64 GB)","4.14,719 Ratings & 285 Reviews",4 GB RAM | 64 GB ROM,16.51 cm (6.5 inch) HD+ Display,13MP + 2MP | 5MP Front Camera,5000 mAh Battery,1 year manufacturer warranty for device and 6 months manufacturer warranty for in-box accessories including batteries from the date of purchase,"₹8,096₹11,99932% offFree delivery by TodayNo Cost EMI from ₹1,350/monthBank Offer"
8,"vivo T2 5G (Nitro Blaze, 128 GB)","4.48,363 Ratings & 572 Reviews",8 GB RAM | 128 GB ROM,16.21 cm (6.38 inch) Full HD+ Display,64 MP (OIS) + 2MP | 16MP Front Camera,4500 mAh Battery,1 Year of Device & 6 Months for Inbox Accessories,"₹20,999₹24,99916% offFree delivery by TodayUpto ₹20,250 Off on ExchangeBank Offer"
9,"vivo T2 5G (Velocity Wave, 128 GB)","4.444,129 Ratings & 2,748 Reviews",6 GB RAM | 128 GB ROM,16.21 cm (6.38 inch) Full HD+ Display,64 MP (OIS) + 2MP | 16MP Front Camera,4500 mAh Battery,1 Year of Device & 6 Months for Inbox Accessories,"₹18,999₹23,99920% offFree delivery by TodayUpto ₹18,400 Off on ExchangeBank Offer"
10,"vivo T2 5G (Nitro Blaze, 128 GB)","4.444,129 Ratings & 2,748 Reviews",6 GB RAM | 128 GB ROM,16.21 cm (6.38 inch) Full HD+ Display,64 MP (OIS) + 2MP | 16MP Front Camera,4500 mAh Battery,1 Year of Device & 6 Months for Inbox Accessories,"₹18,999₹23,99920% offFree delivery by TodayUpto ₹18,400 Off on ExchangeBank Offer"
11,GFive U873,"3.510,734 Ratings & 947 Reviews",32 MB RAM | 32 MB ROM | Expandable Upto 16 GB,4.57 cm (1.8 inch) Display,0.3MP Rear Camera,1000 mAh Battery,,₹725₹99927% offFree delivery by TodayBank Offer
12,"POCO C50 (Country Green, 32 GB)","417,413 Ratings & 1,098 Reviews",3 GB RAM | 32 GB ROM | Expandable Upto 512 GB,16.56 cm (6.52 inch) HD+ Display,8MP Dual Camera | 5MP Front Camera,5000 mAh Lithium Polymer Battery,1 Year Manufacturer Warranty for Phone and 6 Months Warranty for In the Box Accessories,"₹6,299₹9,99937% offFree delivery by TodayUpto ₹5,750 Off on ExchangeBank Offer"
13,GFive U220i,3.3816 Ratings & 76 Reviews,32 MB RAM | 32 MB ROM | Expandable Upto 16 GB,4.57 cm (1.8 inch) Display,0.3MP Rear Camera,1000 mAh Battery,,₹699₹99930% offFree delivery by TodayBank Offer
14,"realme C30 (Bamboo Green, 32 GB)","4.163,219 Ratings & 3,807 Reviews",3 GB RAM | 32 GB ROM | Expandable Upto 1 TB,16.51 cm (6.5 inch) HD+ Display,8MP Rear Camera | 5MP Front Camera,5000 mAh Lithium Ion Battery,1 Year Manufacturer Warranty for Phone and 6 Months Warranty for In-Box Accessories,"₹6,499₹9,29930% offFree delivery by TodayUpto ₹5,950 Off on ExchangeBank Offer"
15,"vivo T2 5G (Velocity Wave, 128 GB)","4.48,363 Ratings & 572 Reviews",8 GB RAM | 128 GB ROM,16.21 cm (6.38 inch) Full HD+ Display,64 MP (OIS) + 2MP | 16MP Front Camera,4500 mAh Battery,1 Year of Device & 6 Months for Inbox Accessories,"₹20,999₹24,99916% offFree delivery by TodayUpto ₹20,250 Off on ExchangeBank Offer"
16,"POCO M6 Pro 5G (Power Black, 64 GB)",4.5612 Ratings & 52 Reviews,4 GB RAM | 64 GB ROM | Expandable Upto 1 TB,17.25 cm (6.79 inch) Full HD+ Display,50MP + 2MP | 8MP Front Camera,5000 mAh Battery,1 Year Manufacturer Warranty for Phone and 6 Months Warranty for In the Box Accessories,"₹10,999₹14,99926% off"
17,"Infinix HOT 20 Play (Racing Black, 64 GB)","4.429,072 Ratings & 1,478 Reviews",4 GB RAM | 64 GB ROM | Expandable Upto 256 GB,17.32 cm (6.82 inch) HD+ Display,13Mp + AI Lens | 8MP Front Camera,6000 mAh Li-ion Polymer Battery,1 Year on Handset and 6 Months on Accessories,"₹7,999₹11,99933% off"
18,GFive U873,"3.510,734 Ratings & 947 Reviews",32 MB RAM | 32 MB ROM | Expandable Upto 16 GB,4.57 cm (1.8 inch) Display,0.3MP Rear Camera,1000 mAh Battery,,₹725₹99927% offFree delivery by TodayBank Offer
19,Micromax X512,3.9194 Ratings & 7 Reviews,32 MB RAM | 32 MB ROM,4.5 cm (1.77 inch) Display,0.3MP Rear Camera,1750 mAh Battery,,"₹1,099₹1,79938% offFree delivery by TodayBank Offer"
20,"realme 10 (Clash White, 64 GB)","4.217,953 Ratings & 1,428 Reviews",4 GB RAM | 64 GB ROM | Expandable Upto 1 TB,16.26 cm (6.4 inch) Full HD+ Display,50MP + 2MP | 16MP Front Camera,5000 mAh Battery,1 Year Manufacturer Warranty for Phone and 6 Months Warranty for In-Box Accessories,"₹11,499₹15,99928% offFree delivery by TodayUpto ₹10,900 Off on ExchangeNo Cost EMI from ₹1,917/month"
21,Micromax X512,"3.910,658 Ratings & 952 Reviews",56 MB RAM | 24 MB ROM,4.5 cm (1.77 inch) Display,0.3MP Rear Camera,1750 mAh Battery,,"₹1,799"
22,itel Magic X Pro 4G| 2500mAh Big Battery| Expandable Storage upto 64GB,"3.93,423 Ratings & 371 Reviews",64 MB RAM | 128 MB ROM,6.1 cm (2.4 inch) Display,0.3MP Rear Camera,2500 mAh Battery,,"₹2,498₹3,19921% offFree delivery by TodayBank Offer"
23,"realme C30 (Lake Blue, 32 GB)","4.21,07,613 Ratings & 5,706 Reviews",2 GB RAM | 32 GB ROM | Expandable Upto 1 TB,16.51 cm (6.5 inch) HD+ Display,8MP Rear Camera | 5MP Front Camera,5000 mAh Lithium Ion Battery,1 Year Manufacturer Warranty for Phone and 6 Months Warranty for In-Box Accessories,"₹5,999₹8,49929% offFree delivery by TodayUpto ₹5,450 Off on ExchangeBank Offer"
