,0,1,2,3,4,5,6,7
0,"realme Narzo 60 5G (?Cosmic Black, 128 GB)",4.1116 Ratings & 3 Reviews,8 GB RAM | 128 GB ROM,16.33 cm (6.43 inch) Display,64MP Rear Camera,5000 mAh Battery,,"₹18,285₹19,9998% offFree deliveryBank Offer"
1,"OnePlus 10R (Forest Green, 128 GB)","4.33,194 Ratings & 204 Reviews",8 GB RAM | 128 GB ROM,17.02 cm (6.7 inch) Display,50MP Rear Camera | 16MP Front Camera,5000 mAh Battery,,"₹29,940₹38,99923% offFree deliveryBank Offer"
2,"POCO X5 Pro 5G (Yellow, 256 GB)","4.313,233 Ratings & 1,330 Reviews",8 GB RAM | 256 GB ROM,16.94 cm (6.67 inch) Full HD+ Display,108MP + 8MP + 2MP | 16MP Front Camera,5000 mAh Battery,1 Year Manufacturer Warranty for Phone and 6 Months Warranty for in the Box Accessories,"₹24,999₹28,99913% offFree deliveryDaily SaverUpto ₹24,000 Off on Exchange"
3,"POCO M4 5G (Cool Blue, 64 GB)","4.290,958 Ratings & 6,283 Reviews",4 GB RAM | 64 GB ROM | Expandable Upto 512 GB,16.71 cm (6.58 inch) Full HD+ Display,50MP + 2MP | 8MP Front Camera,5000 mAh Lithium Ion Polymer Battery,1 Year Warranty for Handset and 6 Months for Accessories,"₹12,999₹15,99918% offFree deliveryUpto ₹12,450 Off on ExchangeBank Offer"
4,LAVA A1 2021,"45,198 Ratings & 417 Reviews",32 MB RAM | 24 MB ROM | Expandable Upto 32 GB,4.5 cm (1.77 inch) Quarter QVGA Display,0.3MP Rear Camera,800 mAh Li-ion Battery,,"₹1,129₹1,44922% offFree deliveryBank Offer"
5,KARBONN KX 29,3.8683 Ratings & 66 Reviews,32 MB RAM | 32 MB ROM | Expandable Upto 32 GB,6.1 cm (2.4 inch) Display,0.3MP Rear Camera,2700 mAh Battery,,"₹1,499₹1,89020% offFree deliveryBank Offer"
6,GFive A2,"3.57,283 Ratings & 651 Reviews",32 MB RAM | 32 MB ROM | Expandable Upto 16 GB,4.57 cm (1.8 inch) Display,0.3MP Rear Camera,1000 mAh Battery,,"₹749₹1,09931% offFree deliveryBank Offer"
7,"realme GT 2 (Paper White, 128 GB)","4.316,270 Ratings & 1,786 Reviews",8 GB RAM | 128 GB ROM,16.81 cm (6.62 inch) Full HD+ AMOLED Display,50MP + 8MP + 2MP | 16MP Front Camera,5000 mAh Lithium Ion Battery,1 Year Manufacturer Warranty for Phone and 6 Months Warranty for In-Box Accessories,"₹24,999₹39,99937% offFree deliveryUpto ₹24,000 Off on ExchangeBank Offer"
8,"realme GT 2 (Steel Black, 128 GB)","4.316,270 Ratings & 1,786 Reviews",8 GB RAM | 128 GB ROM,16.81 cm (6.62 inch) Full HD+ AMOLED Display,50MP + 8MP + 2MP | 16MP Front Camera,5000 mAh Lithium Ion Battery,1 Year Manufacturer Warranty for Phone and 6 Months Warranty for In-Box Accessories,"₹24,999₹39,99937% offFree deliveryUpto ₹24,000 Off on ExchangeBank Offer"
9,Micromax X818,"3.93,829 Ratings & 296 Reviews",32 MB RAM | 32 MB ROM,7.11 cm (2.8 inch) Display,0.3MP Rear Camera,1450 mAh Battery,,Price: Not Available
10,"Tecno Camon 20 (Serenity Blue, 256 GB)",4.3192 Ratings & 19 Reviews,8 GB RAM | 256 GB ROM | Expandable Upto 1 TB,16.94 cm (6.67 inch) Full HD+ Display,64MP + 2MP | 32MP Front Camera,5000 mAh Battery,1 Year Manufacturer Warranty for Device and 6 Months Manufacturer Warranty for In-Box Accessories,"₹14,998₹17,99916% offFree deliveryBank Offer"
11,"REDMI A1 (Light Blue, 32 GB)","4.28,562 Ratings & 410 Reviews",2 GB RAM | 32 GB ROM,16.56 cm (6.52 inch) Display,5MP Rear Camera,5000 mAh Battery,,"₹6,258₹8,99930% offFree deliveryBank Offer"
12,Micromax X818,"3.93,829 Ratings & 296 Reviews",32 MB RAM | 32 MB ROM,7.11 cm (2.8 inch) Display,0.3MP Rear Camera,1450 mAh Battery,,"₹1,558₹2,19929% offFree deliveryBank Offer"
13,"APPLE iPhone 14 (Blue, 128 GB)","4.645,294 Ratings & 1,720 Reviews",128 GB ROM,15.49 cm (6.1 inch) Super Retina XDR Display,12MP + 12MP | 12MP Front Camera,"A15 Bionic Chip, 6 Core Processor Processor",,"₹68,999₹79,90013% offFree deliveryDaily SaverUpto ₹61,000 Off on Exchange"
14,Jmax J06,3.792 Ratings & 6 Reviews,32 MB RAM | 32 MB ROM,4.57 cm (1.8 inch) Display,0.3MP Rear Camera,1100 mAh Battery,,"₹699₹1,19941% offFree deliveryBank Offer"
15,"POCO X5 5G (Wildcat Blue, 256 GB)","4.15,208 Ratings & 390 Reviews",8 GB RAM | 256 GB ROM | Expandable Upto 1 TB,16.94 cm (6.67 inch) Full HD+ Display,48MP + 8MP + 2MP | 13MP Front Camera,5000 mAh Battery,1 Year Manufacturer Warranty for Phone and 6 Months Warranty for In the Box Accessories,"₹17,999₹23,99925% offFree deliveryUpto ₹17,300 Off on ExchangeNo Cost EMI from ₹3,000/month"
16,"REDMI A2 (Sea Green, 32 GB)",4.1227 Ratings & 18 Reviews,2 GB RAM | 32 GB ROM,16.56 cm (6.52 inch) Display,8MP Rear Camera,5000 mAh Battery,,"₹6,999₹8,99922% offFree deliveryDaily SaverNo Cost EMI from ₹1,167/month"
17,KARBONN K9 Yuva,3.9924 Ratings & 63 Reviews,64 MB RAM | 32 KB ROM,4.57 cm (1.8 inch) QVGA Display,2MP Rear Camera,2502 mAh Battery,,"₹1,299₹1,49012% offFree deliveryHot DealBank Offer"
18,KARBONN K9 Yuva,3.9924 Ratings & 63 Reviews,64 MB RAM | 32 KB ROM,4.57 cm (1.8 inch) QVGA Display,2MP Rear Camera,2502 mAh Battery,,"₹1,299₹1,49012% offFree deliveryHot DealBank Offer"
19,"Infinix Hot 12 (Polar Black, 64 GB)","4.229,435 Ratings & 1,983 Reviews",4 GB RAM | 64 GB ROM,17.32 cm (6.82 inch) HD+ Display,50 MP + 2 MP Depth Lens + AI Lens | 8MP Front Camera,6000 mAh Lithium-ion Polymer Battery,1 Year on Handset and 6 Months on Accessories,"₹8,999₹12,99930% offFree deliveryUpto ₹8,450 Off on ExchangeBank Offer"
20,"Infinix Hot 12 (Turquoise Cyan, 64 GB)","4.229,435 Ratings & 1,983 Reviews",4 GB RAM | 64 GB ROM,17.32 cm (6.82 inch) HD+ Display,50 MP + 2 MP Depth Lens + AI Lens | 8MP Front Camera,6000 mAh Lithium-ion Polymer Battery,1 Year on Handset and 6 Months on Accessories,"₹8,999₹12,99930% offFree deliveryUpto ₹8,450 Off on ExchangeBank Offer"
21,"REDMI 12c (Royal Blue, 128 GB)","4.11,079 Ratings & 59 Reviews",6 GB RAM | 128 GB ROM | Expandable Upto 1 TB,17.04 cm (6.71 inch) HD+ Display,50MP Rear Camera | 5MP Front Camera,5000 mAh Battery,1 Year Warranty for Phone and 6 Months Warranty for In-Box Accessories,"₹10,799₹15,99932% offFree deliveryNo Cost EMI from ₹1,800/monthBank Offer"
22,KARBONN K531,4287 Ratings & 28 Reviews,32 MB RAM | 32 MB ROM | Expandable Upto 32 GB,6.1 cm (2.4 inch) Quarter QVGA Display,0.3MP Rear Camera,1800 mAh Battery,,"₹1,391₹1,79022% offFree deliveryBank Offer"
23,"POCO M4 5G (Yellow, 64 GB)","4.290,958 Ratings & 6,283 Reviews",4 GB RAM | 64 GB ROM | Expandable Upto 512 GB,16.71 cm (6.58 inch) Full HD+ Display,50MP + 2MP | 8MP Front Camera,5000 mAh Lithium Ion Polymer Battery,1 Year Warranty for Handset and 6 Months for Accessories,"₹12,999₹15,99918% offFree deliveryUpto ₹12,450 Off on ExchangeBank Offer"
