,0,1,2,3,4,5,6,7
0,Nokia 105 SS 2023,3.8384 Ratings & 29 Reviews,4 MB RAM | 4 MB ROM,4.57 cm (1.8 inch) Display,1000 mAh Battery,1 Year Manufacture Warranty For Device and 6 Months Manufacture Warranty For In-box Accessories Including batteries From the date of Purchase,,"₹1,471₹1,5998% offFree deliveryBank Offer"
1,"REDMI 12c (Royal Blue, 128 GB)","4.11,079 Ratings & 59 Reviews",6 GB RAM | 128 GB ROM | Expandable Upto 1 TB,17.04 cm (6.71 inch) HD+ Display,50MP Rear Camera | 5MP Front Camera,5000 mAh Battery,1 Year Warranty for Phone and 6 Months Warranty for In-Box Accessories,"₹10,888₹15,99931% offFree deliveryNo Cost EMI from ₹1,815/monthBank Offer"
2,itel Power 440| 2500 mAh battery| Expandable Storage Upto 32GB,4.2111 Ratings & 6 Reviews,32 MB RAM | 32 MB ROM,6.1 cm (2.4 inch) Display,0.3MP Rear Camera,2500 mAh Battery,,"₹1,470₹1,89922% offFree deliveryDaily SaverBank Offer"
3,Kechaoda K115,"4.131,534 Ratings & 2,344 Reviews",32 MB RAM | 32 MB ROM,3.66 cm (1.44 inch) QVGA Display,0.3MP Rear Camera,850 mAh Battery,,"₹1,114₹1,49925% offFree deliveryBank Offer"
4,Jmax J06,3.792 Ratings & 6 Reviews,32 MB RAM | 32 MB ROM,4.57 cm (1.8 inch) Display,0.3MP Rear Camera,1100 mAh Battery,,"₹699₹1,19941% offFree deliveryBank Offer"
5,"SAMSUNG Galaxy M14 5G (ICY Silver, 128 GB)",4.2600 Ratings & 51 Reviews,4 GB RAM | 128 GB ROM,16.76 cm (6.6 inch) Display,50MP Rear Camera,6000 mAh Battery,,"₹14,539₹17,99019% offFree deliveryNo Cost EMI from ₹2,424/monthBank Offer"
6,"Tecno Spark 10c (Meta Blue, 128 GB)",4166 Ratings & 5 Reviews,8 GB RAM | 128 GB ROM | Expandable Upto 1 TB,16.76 cm (6.6 inch) HD+ Display,16MP Rear Camera | 8MP Front Camera,5000 mAh Battery,1 Year Manufacturer Warranty for Device and 6 Months Manufacturer Warranty for In-Box Accessories,"₹9,899₹12,49820% offFree deliveryBank Offer"
7,"REDMI 12C (Lavender Purple, 64 GB)","4.21,774 Ratings & 98 Reviews",4 GB RAM | 64 GB ROM,17.04 cm (6.71 inch) Display,50MP Rear Camera,5000 mAh Battery,,"₹8,580₹13,99938% offFree deliveryNo Cost EMI from ₹1,430/monthBank Offer"
8,"vivo Y27 (Garden Green, 128 GB)",4.728 Ratings & 0 Reviews,6 GB RAM | 128 GB ROM,16.87 cm (6.64 inch) Full HD+ Display,50MP + 2MP | 8MP Front Camera,5000 mAh Battery,1 Year Manufacturer Warranty for Phone and 6 Months Warranty for In the Box Accessories,"₹14,999₹18,99921% offFree deliveryUpto ₹14,300 Off on ExchangeNo Cost EMI from ₹5,000/month"
9,"vivo Y27 (Burgundy Black, 128 GB)",4.728 Ratings & 0 Reviews,6 GB RAM | 128 GB ROM,16.87 cm (6.64 inch) Full HD+ Display,50MP + 2MP | 8MP Front Camera,5000 mAh Battery,1 Year Manufacturer Warranty for Phone and 6 Months Warranty for In the Box Accessories,"₹14,999₹18,99921% offFree deliveryUpto ₹14,300 Off on ExchangeNo Cost EMI from ₹5,000/month"
10,KARBONN K531,4287 Ratings & 28 Reviews,32 MB RAM | 32 MB ROM | Expandable Upto 32 GB,6.1 cm (2.4 inch) Quarter QVGA Display,0.3MP Rear Camera,1800 mAh Battery,,"₹1,391₹1,79022% offFree deliveryBank Offer"
11,Kechaoda 888,4.1262 Ratings & 22 Reviews,64 MB RAM | 32 MB ROM,4.57 cm (1.8 inch) Display,3000 mAh Battery,1 Year Company Warranty,,"₹1,799₹2,08413% offFree deliveryBank Offer"
12,"REDMI A2 (Sea Green, 32 GB)",4.1227 Ratings & 18 Reviews,2 GB RAM | 32 GB ROM,16.56 cm (6.52 inch) Display,8MP Rear Camera,5000 mAh Battery,,"₹6,699₹8,99925% offNo Cost EMI from ₹1,117/monthBank Offer"
13,"REDMI Note 12 5G (Frosted Green, 256 GB)","4.11,139 Ratings & 90 Reviews",8 GB RAM | 256 GB ROM | Expandable Upto 1 TB,16.94 cm (6.67 inch) Full HD+ AMOLED Display,48MP + 8MP + 2MP | 13MP Front Camera,5000 mAh Battery,1 Year Manufacturer Warranty for Phone and 6 Months Warranty for In the Box Accessories,"₹20,999₹23,99912% offFree deliveryDaily SaverUpto ₹19,200 Off on Exchange"
14,"APPLE iPhone 13 (Green, 128 GB)","4.72,49,272 Ratings & 12,335 Reviews",128 GB ROM,15.49 cm (6.1 inch) Super Retina XDR Display,12MP + 12MP | 12MP Front Camera,A15 Bionic Chip Processor,,"₹59,999₹69,90014% offFree deliveryDaily SaverUpto ₹59,000 Off on Exchange"
15,"REDMI Note 12 5G (Frosted Green, 128 GB)","43,325 Ratings & 281 Reviews",4 GB RAM | 128 GB ROM | Expandable Upto 1 TB,16.94 cm (6.67 inch) Full HD+ AMOLED Display,48MP + 8MP + 2MP | 13MP Front Camera,5000 mAh Battery,1 Year Manufacturer Warranty for Phone and 6 Months Warranty for In the Box Accessories,"₹16,999₹19,99915% offFree deliveryUpto ₹15,250 Off on ExchangeNo Cost EMI from ₹2,834/month"
16,GFive A2,"3.57,283 Ratings & 651 Reviews",32 MB RAM | 32 MB ROM | Expandable Upto 16 GB,4.57 cm (1.8 inch) Display,0.3MP Rear Camera,1000 mAh Battery,,₹745₹99925% offFree deliveryBank Offer
17,"MOTOROLA Edge 30 Ultra (Interstellar Black, 256 GB)",4.3969 Ratings & 150 Reviews,12 GB RAM | 256 GB ROM,16.94 cm (6.67 inch) Full HD+ Display,200MP + 50MP + 12MP | 60MP Front Camera,4610 mAh Lithium Battery,1 Year on Handset and 6 Months on Accessories,"₹49,999₹74,99933% offFree deliveryUpto ₹47,500 Off on ExchangeBank Offer"
18,"I Kall K450 Pro (Blue, 64 GB)","4.33,837 Ratings & 219 Reviews",4 GB RAM | 64 GB ROM | Expandable Upto 128 GB,15.9 cm (6.26 inch) Display,13MP Rear Camera | 8MP Front Camera,4000 mAh Battery,,"₹5,999₹9,49936% offFree deliveryBank Offer"
19,"vivo Y16 (Steller Black, 128 GB)","4.21,365 Ratings & 79 Reviews",4 GB RAM | 128 GB ROM | Expandable Upto 1 TB,16.54 cm (6.51 inch) HD+ Display,13MP + 2MP | 5MP Front Camera,5000 mAh Lithium Battery,1 Year of Device & 6 Months for In-Box Accessories,"₹12,499₹16,99926% offFree deliveryHot DealUpto ₹11,950 Off on Exchange"
20,"realme Narzo N55 (Prime Blue, 64 GB)","41,358 Ratings & 125 Reviews",4 GB RAM | 64 GB ROM,17.07 cm (6.72 inch) Display,64MP Rear Camera,5000 mAh Battery,,"₹11,248₹12,99913% offFree deliveryDaily SaverNo Cost EMI from ₹1,875/month"
21,itel it5026 Keypad Mobile|1200 mAh battery|Expandable Storage upto 32GB,"41,358 Ratings & 125 Reviews",4 MB RAM | 4 MB ROM,6.1 cm (2.4 inch) Display,2MP Rear Camera,1200 mAh Battery,,"₹1,298₹1,69923% offFree deliveryBank Offer"
22,itel it5026 Keypad Mobile|1200 mAh battery|Expandable Storage upto 32GB,"4.41,424 Ratings & 185 Reviews",4 MB RAM | 4 MB ROM,6.1 cm (2.4 inch) Display,2MP Rear Camera,1200 mAh Battery,,"₹1,298₹1,69923% offFree deliveryBank Offer"
