,0,1,2,3,4,5,6,7
0,Cellecor D10,4.1227 Ratings & 18 Reviews,32 MB RAM | 32 MB ROM,7.11 cm (2.8 inch) Display,0.8MP Rear Camera,2750 mAh Battery,,"₹1,499₹1,84918% offFree deliveryBank Offer"
1,Cellecor D10,"4.12,285 Ratings & 173 Reviews",32 MB RAM | 32 MB ROM,7.11 cm (2.8 inch) Display,0.8MP Rear Camera,2750 mAh Battery,,"₹1,499₹1,84918% offFree deliveryBank Offer"
2,"itel A60S (GLACIER GREEN, 128 GB)","3.618,357 Ratings & 1,617 Reviews",8 GB RAM | 128 GB ROM,16.76 cm (6.6 inch) Display,8MP Rear Camera,5000 mAh Battery,,"₹7,099₹8,49916% offFree deliveryBank Offer"
3,"REDMI A2 (Sea Green, 64 GB)","3.914,674 Ratings & 938 Reviews",2 GB RAM | 64 GB ROM,16.56 cm (6.52 inch) Display,8MP Rear Camera,5000 mAh Battery,,"₹6,858₹9,99931% offFree deliveryBank Offer"
4,LAVA Flip,"4.35,838 Ratings & 843 Reviews",56 MB RAM | 56 MB ROM,6.1 cm (2.4 inch) Display,0.08MP Rear Camera,1200 mAh Battery,,"₹1,990₹2,1497% offFree deliveryBank Offer"
5,"I Kall King Talking, Contact icon and Auto Call Recording",4.1227 Ratings & 18 Reviews,32 MB RAM | 32 MB ROM,4.57 cm (1.8 inch) Display,0.3MP Rear Camera,1000 mAh Battery,,₹737₹99926% offFree deliveryBank Offer
6,Kechaoda K10,57 Ratings & 0 Reviews,32 MB RAM | 32 MB ROM,1.68 cm (0.66 inch) NA Display,300 mAh Battery,1 Year Manufacturer Warranty,,"₹1,129Free deliveryBank Offer"
7,"POCO F5 5G (Carbon Black, 256 GB)","4.31,638 Ratings & 113 Reviews",8 GB RAM | 256 GB ROM,16.94 cm (6.67 inch) Full HD+ Display,64MP (OIS) + 8MP + 2MP | 16MP Front Camera,5000 mAh Battery,2 Year Manufacturer Warranty for Phone and 6 Months Warranty for In the Box Accessories,"₹27,999₹34,99920% offFree deliveryUpto ₹27,000 Off on ExchangeNo Cost EMI from ₹4,667/month"
8,"REDMI A2 (Aqua Blue, 64 GB)","4.33,034 Ratings & 232 Reviews",2 GB RAM | 64 GB ROM,16.56 cm (6.52 inch) Display,8MP Rear Camera,5000 mAh Battery,,"₹6,698₹9,99933% offFree deliveryBank Offer"
9,"REDMI Note 12 Pro 5G (Stardust Purple, 256 GB)","49,007 Ratings & 582 Reviews",12 GB RAM | 256 GB ROM,16.94 cm (6.67 inch) Full HD+ AMOLED Display,50MP (OIS) + 8MP + 2MP | 16MP Front Camera,5000 mAh Lithium Polymer Battery,1 Year Manufacturer Warranty for Phone and 6 Months Warranty for In the Box Accessories,"₹28,999₹32,99912% offFree deliveryUpto ₹26,450 Off on ExchangeNo Cost EMI from ₹4,834/month"
10,"Mi 10i (Pacific Sunrise, 128 GB)","3.93,466 Ratings & 325 Reviews",8 GB RAM | 128 GB ROM,16.94 cm (6.67 inch) Full HD+ Display,108MP + 8MP + 2MP + 2MP | 16MP Front Camera,4820 mAh Battery,1 year manufacturer warranty for device and 6 months manufacturer warranty for in-box accessories including batteries from the date of purchase,"₹21,990₹27,99921% offFree deliveryBank Offer"
11,"Mi 10i (Midnight Black, 128 GB)","4.29,973 Ratings & 1,028 Reviews",6 GB RAM | 128 GB ROM,16.94 cm (6.67 inch) Full HD+ Display,108MP + 8MP + 2MP + 2MP | 16MP Front Camera,4820 mAh Battery,1 year manufacturer warranty for device and 6 months manufacturer warranty for in-box accessories including batteries from the date of purchase,"₹18,990₹24,99924% offFree deliveryBank Offer"
12,Kechaoda K33,4.2101 Ratings & 2 Reviews,32 MB RAM | 32 MB ROM,3.56 cm (1.4 inch) Display,0.3MP Rear Camera,800 mAh Battery,,"₹1,129₹1,49924% offFree deliveryDaily SaverBank Offer"
13,Nokia 110 4G,"4.420,500 Ratings & 719 Reviews",128 MB RAM | 48 MB ROM,4.57 cm (1.8 inch) Display,0.8MP Rear Camera,1020 mAh Battery,,"₹2,799₹3,49920% offFree deliveryBank Offer"
14,"MOTOROLA g42 (Atlantic Green, 64 GB)","4.13,241 Ratings & 268 Reviews",4 GB RAM | 64 GB ROM,16.26 cm (6.402 inch) Full HD+ AMOLED Display,50MP + 8MP + 2MP | 16MP Front Camera,5000 mAh Lithium polymer Battery,1 Year on Handset and 6 Months on Accessories,"₹12,499₹16,99926% offFree deliveryBank Offer"
15,"Tecno Pop 7 pro (?Uyuni Blue, 64 GB)",4.1202 Ratings & 15 Reviews,3 GB RAM | 64 GB ROM,16.66 cm (6.56 inch) Display,12MP Rear Camera,5000 mAh Battery,,"₹7,999₹8,99911% offFree deliveryBank Offer"
16,"realme C33 2023 (Sandy Gold, 128 GB)","3.92,663 Ratings & 208 Reviews",4 GB RAM | 128 GB ROM | Expandable Upto 1 TB,16.51 cm (6.5 inch) HD+ Display,50MP + 0.3MP | 5MP Front Camera,5000 mAh Lithium Ion Battery,1 Year Manufacturer Warranty for Phone and 6 Months Warranty for In-Box Accessories,"₹10,499₹13,99925% offFree deliveryUpto ₹9,850 Off on ExchangeBank Offer"
17,Kechaoda K28,"4.245,473 Ratings & 3,456 Reviews",32 MB RAM | 64 MB ROM | Expandable Upto 16 GB,6.1 cm (2.4 inch) QVGA Display,0.3MP Rear Camera,1700 mAh Battery,,"₹1,250₹1,39010% offFree deliveryBank Offer"
18,"itel A60 (DawnBlue, 32 GB)",3.9717 Ratings & 54 Reviews,2 GB RAM | 32 GB ROM,16.76 cm (6.6 inch) HD Display,8MP Rear Camera,5000 mAh Battery,1 Year Manufacturer Warranty for Device and 6 Months Manufacturer Warranty for In-box Accessories Including,"₹5,978₹7,19916% offFree deliveryBank Offer"
19,Nokia 6310,"4.21,940 Ratings & 128 Reviews",8 MB RAM | 16 MB ROM,7.11 cm (2.8 inch) QVGA Display,0.3MP Rear Camera,1150 mAh Lithium Ion Battery,1 Year Manufacturer Warranty for Device and 6 months Manufacturer Warranty for In-box Accessories Including Battery from the Date of Purchase,"₹3,499₹4,49922% offFree deliveryBank Offer"
20,"SAMSUNG Galaxy F23 5G (Forest Green, 128 GB)","4.22,605 Ratings & 274 Reviews",4 GB RAM | 128 GB ROM | Expandable Upto 1 TB,16.76 cm (6.6 inch) Full HD+ Display,50MP + 8MP + 2MP | 8MP Front Camera,5000 mAh Lithium Ion Battery,1 Year Warranty Provided by the Manufacturer from Date of Purchase,"₹15,999₹22,99930% offFree deliveryUpto ₹15,450 Off on ExchangeNo Cost EMI from ₹2,667/month"
