,0,1,2,3,4,5,6,7
0,"realme C53 (Champion Gold, 128 GB)","4.22,548 Ratings & 229 Reviews",4 GB RAM | 128 GB ROM | Expandable Upto 2 TB,17.12 cm (6.74 inch) HD Display,108MP + 2MP | 8MP Front Camera,5000 mAh Battery,1 Year Manufacturer Warranty for Phone and 6 Months Warranty for In the Box Accessories,"₹9,999₹11,99916% offFree delivery by TodayBank Offer"
1,"Infinix SMART 7 (Night Black, 128 GB)","4.357,868 Ratings & 2,828 Reviews",4 GB RAM | 128 GB ROM | Expandable Upto 512 GB,16.76 cm (6.6 inch) HD+ Display,13MP + AI Lens | 5MP Front Camera,6000 mAh Battery,1 Year on Handset and 6 Months on Accessories,"₹7,799₹10,99929% offFree delivery by TodayBank Offer"
2,Nokia 105 TA-1473 SS,"4.128,244 Ratings & 1,722 Reviews",32 MB RAM | 32 MB ROM,4.5 cm (1.77 inch) QVGA Display,0MP Front Camera,800 mAh Lithium Ion Battery,1 Year Manufacturer Warranty for Device and 6 Months Manufacturer Warranty for In-box Accessories Including Battery from the Date of Purchase,"₹1,299₹1,59918% offFree delivery by TodayHot DealBank Offer"
3,"POCO M5 (Power Black, 64 GB)","4.116,887 Ratings & 1,424 Reviews",4 GB RAM | 64 GB ROM | Expandable Upto 512 GB,16.71 cm (6.58 inch) Full HD+ Display,50MP + 2MP Depth Sensor + 2MP Macro Sensor | 8MP Front Camera,5000 mAh Lithium-ion Polymer Battery,"1 Year for Handset, 6 Months for Accessories","₹8,499₹15,99946% offFree delivery by TodayBank Offer"
4,"REDMI 12 (Jade Black, 128 GB)","4.44,390 Ratings & 315 Reviews",4 GB RAM | 128 GB ROM | Expandable Upto 1 TB,17.25 cm (6.79 inch) Full HD+ Display,50MP + 8MP + 2MP | 8MP Front Camera,5000 mAh Battery,1 Year Manufacturer Warranty for Phone and 6 Months Warranty for in the Box Accessories,"₹9,999₹14,99933% off"
5,"MOTOROLA G62 5G (Midnight Gray, 128 GB)","4.121,196 Ratings & 1,864 Reviews",8 GB RAM | 128 GB ROM,41.94 cm (16.51 cm) Full HD+ Display,50MP + 8MP + 2MP | 16MP Front Camera,5000 mAh Lithium Polymer Battery,1 Year on Handset and 6 Months on Accessories,"₹15,999₹24,99936% offFree delivery by TodayBank Offer"
6,"MOTOROLA G62 5G (Frosted Blue, 128 GB)","4.121,196 Ratings & 1,864 Reviews",8 GB RAM | 128 GB ROM,41.94 cm (16.51 cm) Full HD+ Display,50MP + 8MP + 2MP | 16MP Front Camera,5000 mAh Lithium Polymer Battery,1 Year on Handset and 6 Months on Accessories,"₹15,999₹24,99936% offFree delivery by TodayBank Offer"
7,"REDMI 11 Prime (Flashy Black, 128 GB)","4.49,151 Ratings & 450 Reviews",6 GB RAM | 128 GB ROM | Expandable Upto 512 GB,16.71 cm (6.58 inch) Full HD+ Display,50MP + 2MP + 2MP | 8MP Front Camera,5000 mAh Battery,1 Year Manufacturer Warranty for Phone and 6 Months Warranty for In the Box Accessories,"₹10,999₹16,99935% offFree delivery by TodayBank Offer"
8,"SAMSUNG Galaxy M04 (Dark Blue, 64 GB)","4.14,719 Ratings & 285 Reviews",4 GB RAM | 64 GB ROM | Expandable Upto 1 TB,16.51 cm (6.5 inch) HD+ Display,13MP + 2MP | 5MP Front Camera,5000 mAh Battery,1 year manufacturer warranty for device and 6 months manufacturer warranty for in-box accessories including batteries from the date of purchase,"₹8,072₹11,99932% offFree delivery by TodayNo Cost EMI from ₹1,346/monthBank Offer"
9,"SAMSUNG Galaxy M14 5G (Smoky Teal, 128 GB)","4.22,320 Ratings & 166 Reviews",6 GB RAM | 128 GB ROM,16.76 cm (6.6 inch) Display,50MP Rear Camera,6000 mAh Battery,,"₹15,015₹18,99020% offFree delivery by TodayNo Cost EMI from ₹2,503/monthBank Offer"
10,"SAMSUNG Galaxy F13 (Waterfall Blue, 64 GB)","4.31,65,251 Ratings & 9,457 Reviews",4 GB RAM | 64 GB ROM | Expandable Upto 1 TB,16.76 cm (6.6 inch) Full HD+ Display,50MP + 5MP + 2MP | 8MP Front Camera,6000 mAh Lithium Ion Battery,1 Year Warranty Provided By the Manufacturer from Date of Purchase,"₹10,999₹14,99926% off"
11,"SAMSUNG Galaxy F13 (Nightsky Green, 64 GB)","4.31,65,251 Ratings & 9,457 Reviews",4 GB RAM | 64 GB ROM | Expandable Upto 1 TB,16.76 cm (6.6 inch) Full HD+ Display,50MP + 5MP + 2MP | 8MP Front Camera,6000 mAh Lithium Ion Battery,1 Year Warranty Provided By the Manufacturer from Date of Purchase,"₹10,999₹14,99926% off"
12,Nokia 105,"42,134 Ratings & 157 Reviews",32 MB RAM | 32 MB ROM,4.5 cm (1.77 inch) Display,0MP | 0MP Front Camera,1000 mAh Battery,1 Year Replacement Warranty for Device and 6 Months Manufacturer Warranty for Inbox Accessories Including Battery from the Date of Purchase,"₹1,549₹1,5993% offFree delivery by TodayBank Offer"
13,Nokia 105,"42,134 Ratings & 157 Reviews",32 MB RAM | 32 MB ROM,4.5 cm (1.77 inch) Display,0MP | 0MP Front Camera,1000 mAh Battery,1 Year Replacement Warranty for Device and 6 Months Manufacturer Warranty for Inbox Accessories Including Battery from the Date of Purchase,"₹1,299₹1,59918% offFree delivery by TodayBank Offer"
14,Nokia 105,"42,134 Ratings & 157 Reviews",32 MB RAM | 32 MB ROM,4.5 cm (1.77 inch) Display,0MP | 0MP Front Camera,1000 mAh Battery,1 Year Replacement Warranty for Device and 6 Months Manufacturer Warranty for Inbox Accessories Including Battery from the Date of Purchase,"₹1,299₹1,59918% offFree delivery by TodayBank Offer"
15,"SAMSUNG Galaxy F04 (Jade Purple, 64 GB)","4.237,930 Ratings & 2,147 Reviews",4 GB RAM | 64 GB ROM | Expandable Upto 1 TB,16.51 cm (6.5 inch) HD Display,13MP + 2MP | 5MP Front Camera,5000 mAh Lithium-Ion Battery,1 Year Manufacturer Warranty for Device and 6 Months Manufacturer Warranty for In-Box Accessories,"₹8,499₹11,49926% off"
16,LAVA A1 Josh with BOL,4196 Ratings & 20 Reviews,4 MB RAM | 4 MB ROM | Expandable Upto 32 GB,4.5 cm (1.77 inch) Quarter QVGA Display,1000 mAh Battery,1 Year Manufacturer Replacement Guarantee for Phone and 6 months Replacement for Accessories in the Box,,"₹1,039₹1,39925% offFree delivery by TodayBank Offer"
17,"realme C55 (Rainforest, 128 GB)","4.421,770 Ratings & 1,217 Reviews",8 GB RAM | 128 GB ROM | Expandable Upto 1 TB,17.07 cm (6.72 inch) Full HD+ Display,64MP + 2MP | 8MP Front Camera,5000 mAh Battery,1 Year Manufacturer Warranty for Phone and 6 Months Warranty for In the Box Accessories,"₹13,999₹15,99912% offFree delivery by TodayDaily SaverBank Offer"
18,Nokia 105 ss,"4.380,183 Ratings & 7,342 Reviews",4 MB RAM | 4 MB ROM,4.57 cm (1.8 inch) Quarter QVGA Display,800 mAh Battery,1 Year Manufacturer Warranty,,"₹1,549₹1,5993% offFree delivery by TodayBank Offer"
19,"realme C55 (Rainforest, 64 GB)","4.313,100 Ratings & 851 Reviews",6 GB RAM | 64 GB ROM | Expandable Upto 1 TB,17.07 cm (6.72 inch) Full HD+ Display,64MP + 2MP | 8MP Front Camera,5000 mAh Battery,1 Year Manufacturer Warranty for Phone and 6 Months Warranty for In the Box Accessories,"₹11,999₹13,99914% offFree delivery by TodayDaily SaverBank Offer"
20,Micromax J22,"3.92,516 Ratings & 149 Reviews",32 MB RAM | 32 MB ROM,6.1 cm (2.4 inch) Display,1000 mAh Battery,1 Year Manufacturer warranty,,"₹1,067₹1,59933% offFree delivery by TodayBank Offer"
21,"REDMI A1+ (Black, 32 GB)","4.29,704 Ratings & 398 Reviews",2 GB RAM | 32 GB ROM | Expandable Upto 512 GB,16.56 cm (6.52 inch) HD+ Display,8MP Rear Camera | 5MP Front Camera,5000 mAh Lithium Polymer Battery,1 Year Manufacturer Warranty for Phone and 6 Months Warranty for in the Box Accessories,"₹6,299₹9,99937% offFree delivery by TodayBank Offer"
22,"realme C55 (Rainforest, 64 GB)","4.468,511 Ratings & 3,922 Reviews",4 GB RAM | 64 GB ROM | Expandable Upto 1 TB,17.07 cm (6.72 inch) Full HD+ Display,64MP + 2MP | 8MP Front Camera,5000 mAh Battery,1 Year Manufacturer Warranty for Phone and 6 Months Warranty for In the Box Accessories,"₹10,999₹12,99915% offFree delivery by TodayBank Offer"
23,"realme C53 (Champion Black, 128 GB)","4.22,548 Ratings & 229 Reviews",4 GB RAM | 128 GB ROM | Expandable Upto 2 TB,17.12 cm (6.74 inch) HD Display,108MP + 2MP | 8MP Front Camera,5000 mAh Battery,1 Year Manufacturer Warranty for Phone and 6 Months Warranty for In the Box Accessories,"₹9,999₹11,99916% offFree delivery by TodayBank Offer"
