,0,1,2,3,4,5,6,7
0,"realme Narzo N53 (Feather Black, 128 GB)","4.21,117 Ratings & 65 Reviews",6 GB RAM | 128 GB ROM,17.12 cm (6.74 inch) Display,50MP Rear Camera,5000 mAh Battery,,"₹12,450₹12,9994% offFree deliveryNo Cost EMI from ₹2,075/monthBank Offer"
1,"realme Narzo N53 (Feather Gold, 128 GB)","4.21,117 Ratings & 65 Reviews",6 GB RAM | 128 GB ROM,17.12 cm (6.74 inch) Display,50MP Rear Camera,5000 mAh Battery,,"₹12,073₹12,9997% offFree deliveryNo Cost EMI from ₹2,012/monthBank Offer"
2,"POCO X5 Pro 5G (Horizon Blue, 128 GB)","4.311,455 Ratings & 1,315 Reviews",6 GB RAM | 128 GB ROM,16.94 cm (6.67 inch) Full HD+ Display,108MP + 8MP + 2MP | 16MP Front Camera,5000 mAh Battery,1 Year Manufacturer Warranty for Phone and 6 Months Warranty for in the Box Accessories,"₹20,999₹25,99919% offFree deliveryUpto ₹20,250 Off on ExchangeNo Cost EMI from ₹3,500/month"
3,Micromax X513+,"3.82,911 Ratings & 197 Reviews",32 MB RAM | 32 MB ROM,4.5 cm (1.77 inch) Display,0.3MP Rear Camera,1750 mAh Battery,,"₹1,151₹1,79936% offFree deliveryBank Offer"
4,"OPPO A17 (Lake Blue, 64 GB)","4.49,059 Ratings & 398 Reviews",4 GB RAM | 64 GB ROM | Expandable Upto 2 TB,16.66 cm (6.56 inch) HD+ Display,50MP + 0.3MP + 0.3MP | 5MP Front Camera,5000 mAh Lithium-ion Polymer Battery,1 Year on Handset and 6 Months on Accessories,"₹12,499₹14,99916% off"
5,"REDMI Note 12 5G (Mystique Blue, 256 GB)","4.11,139 Ratings & 94 Reviews",8 GB RAM | 256 GB ROM | Expandable Upto 1 TB,16.94 cm (6.67 inch) Full HD+ AMOLED Display,48MP + 8MP + 2MP | 13MP Front Camera,5000 mAh Battery,1 Year Manufacturer Warranty for Phone and 6 Months Warranty for In the Box Accessories,"₹20,999₹23,99912% offFree deliveryDaily SaverUpto ₹19,200 Off on Exchange"
6,Micromax X513+,"3.82,911 Ratings & 197 Reviews",32 MB RAM | 32 MB ROM,4.5 cm (1.77 inch) Display,0.3MP Rear Camera,1750 mAh Battery,,"₹1,080₹1,79939% offFree deliveryBank Offer"
7,itel IT5626,"41,834 Ratings & 180 Reviews",8 MB RAM | 8 MB ROM | Expandable Upto 32 GB,7.11 cm (2.8 inch) QVGA Display,0.3MP Rear Camera,2500 mAh Lithium ion Battery,100 Days Replacement with 1 Year of Phone Warranty and 6 Months on Accessories,"₹1,799₹1,8492% offFree deliveryBank Offer"
8,"POCO X5 Pro 5G (Astral Black, 128 GB)","4.311,455 Ratings & 1,315 Reviews",6 GB RAM | 128 GB ROM,16.94 cm (6.67 inch) Full HD+ Display,108MP + 8MP + 2MP | 16MP Front Camera,5000 mAh Battery,1 Year Manufacturer Warranty for Phone and 6 Months Warranty for in the Box Accessories,"₹20,999₹25,99919% offFree deliveryUpto ₹20,250 Off on ExchangeNo Cost EMI from ₹3,500/month"
9,"realme 11 Pro 5G (Sunrise Beige, 256 GB)",4.2427 Ratings & 39 Reviews,12 GB RAM | 256 GB ROM,17.02 cm (6.7 inch) Full HD+ Display,100MP (OIS) + 2MP | 16MP Front Camera,5000 mAh Battery,1 Year Manufacturer Warranty for Device and 6 Months Manufacturer Warranty for In-Box Accessories,"₹27,999₹30,9999% offFree deliveryUpto ₹27,000 Off on ExchangeNo Cost EMI from ₹3,111/month"
10,DIZO Star 500,"3.915,700 Ratings & 1,739 Reviews",32 MB RAM | 32 MB ROM | Expandable Upto 64 GB,7.11 cm (2.8 inch) QVGA Display,0.3MP Rear Camera,1900 mAh Battery,1 Year Warranty,"₹1,799₹1,99910% offFree deliveryBank Offer"
11,"realme 11 Pro 5G (Oasis Green, 256 GB)",4.2427 Ratings & 39 Reviews,12 GB RAM | 256 GB ROM,17.02 cm (6.7 inch) Full HD+ Display,100MP (OIS) + 2MP | 16MP Front Camera,5000 mAh Battery,1 Year Manufacturer Warranty for Device and 6 Months Manufacturer Warranty for In-Box Accessories,"₹27,999₹30,9999% offFree deliveryUpto ₹27,000 Off on ExchangeNo Cost EMI from ₹3,111/month"
12,"REDMI 12C (Royal Blue, 64 GB)","4.21,774 Ratings & 100 Reviews",4 GB RAM | 64 GB ROM,17.04 cm (6.71 inch) Display,50MP Rear Camera,5000 mAh Battery,,"₹8,627₹13,99938% offFree deliveryBank Offer"
13,"realme 11 Pro 5G (Oasis Green, 128 GB)","4.321,472 Ratings & 2,132 Reviews",8 GB RAM | 128 GB ROM,17.02 cm (6.7 inch) Full HD+ Display,100MP (OIS) + 2MP | 16MP Front Camera,5000 mAh Battery,1 Year Manufacturer Warranty for Device and 6 Months Manufacturer Warranty for In-Box Accessories,"₹23,999₹25,9997% offFree deliveryUpto ₹23,100 Off on ExchangeNo Cost EMI from ₹4,000/month"
14,"POCO C51 - Locked with Airtel Prepaid (Power Black, 64 GB)","4.147,216 Ratings & 2,556 Reviews",4 GB RAM | 64 GB ROM | Expandable Upto 1 TB,16.56 cm (6.52 inch) HD+ Display,8MP Dual Rear Camera | 5MP Front Camera,5000 mAh Battery,1 Year Manufacturer Warranty for Phone and 6 Months Warranty for in the Box Accessories,"₹5,999₹9,99940% offFree deliveryUpto ₹5,450 Off on ExchangeBank Offer"
15,"realme Narzo 50i Prime (Dark Blue, 64 GB)",4.1659 Ratings & 30 Reviews,4 GB RAM | 64 GB ROM,16.51 cm (6.5 inch) Display,8MP Rear Camera | 5MP Front Camera,5000 mAh Battery,1 Year Domestic Warranty for Phone and 6 Months Warranty for In-Box Accessories,"₹8,785₹9,99912% offFree deliveryDaily SaverBank Offer"
16,LAVA A1 Josh Bol,4.29 Ratings & 0 Reviews,0 MB ROM | Expandable Upto 32 GB,4.5 cm (1.77 inch) Quarter QVGA Display,800 mAh Battery,1 Year Manufacturer Replacement Guarantee for Phone and 6 months Replacement for Accessories in the Box,,"₹1,059₹1,39924% offFree deliveryDaily SaverBank Offer"
17,LAVA A1 Josh BOL,4.277 Ratings & 9 Reviews,4 MB RAM | 4 MB ROM | Expandable Upto 32 GB,4.5 cm (1.77 inch) Quarter QVGA Display,1000 mAh Battery,1 Year Manufacturer Replacement Guarantee for Phone and 6 months Replacement for Accessories in the Box,,"₹1,039₹1,39925% offFree deliveryBank Offer"
18,"realme Narzo 60 5G (Mars Orange, 256 GB)",4.1116 Ratings & 5 Reviews,8 GB RAM | 256 GB ROM,16.33 cm (6.43 inch) Display,64MP Rear Camera,5000 mAh Battery,,"₹20,533₹20,9992% offFree deliveryBank Offer"
19,Kechaoda K112,"423,062 Ratings & 2,352 Reviews",32 MB RAM | 64 MB ROM | Expandable Upto 32 GB,6.1 cm (2.4 inch) QVGA Display,0.3MP Rear Camera,3600 mAh Battery,,"₹1,597₹1,99920% offFree deliveryBank Offer"
20,"APPLE iPhone 14 Plus (Starlight, 128 GB)","4.614,064 Ratings & 879 Reviews",128 GB ROM,17.02 cm (6.7 inch) Super Retina XDR Display,12MP + 12MP | 12MP Front Camera,"A15 Bionic Chip, 6 Core Processor Processor",,"₹77,999₹89,90013% offFree deliveryDaily SaverUpto ₹61,000 Off on Exchange"
21,"realme 11 Pro+ 5G (Oasis Green, 256 GB)","4.318,797 Ratings & 2,237 Reviews",8 GB RAM | 256 GB ROM,17.02 cm (6.7 inch) Full HD+ Display,200MP (OIS) + 8MP + 2MP | 32MP Front Camera,5000 mAh Battery,1 Year Manufacturer Warranty for Device and 6 Months Manufacturer Warranty for In-Box Accessories,"₹27,999₹29,9996% offFree deliveryUpto ₹26,000 Off on ExchangeNo Cost EMI from ₹4,667/month"
22,"REDMI K50i 5G (Quick Silver, 256 GB)","4.22,033 Ratings & 206 Reviews",8 GB RAM | 256 GB ROM,16.76 cm (6.6 inch) Full HD+ Display,64MP + 8MP + 2MP | 16MP Front Camera,5080 mAh Battery,1 Year Manufacturer Warranty for Phone and 6 Months Warranty for In the Box Accessories,"₹23,999₹35,99933% offFree deliveryUpto ₹22,900 Off on ExchangeNo Cost EMI from ₹4,000/month"
23,"APPLE iPhone 13 (Starlight, 128 GB)","4.72,49,272 Ratings & 12,792 Reviews",128 GB ROM,15.49 cm (6.1 inch) Super Retina XDR Display,12MP + 12MP | 12MP Front Camera,A15 Bionic Chip Processor,,"₹59,999₹69,90014% offFree deliveryDaily SaverUpto ₹59,000 Off on Exchange"
