,0,1,2,3,4,5,6,7
0,"MOTOROLA G62 5G (Frosted Blue, 128 GB)","4.142,973 Ratings & 3,779 Reviews",6 GB RAM | 128 GB ROM,16.64 cm (6.55 inch) Full HD+ Display,50MP + 8MP + 2MP | 16MP Front Camera,5000 mAh Lithium Polymer Battery,1 Year on Handset and 6 Months on Accessories,"₹14,999₹21,99931% offFree delivery by TodayBank Offer"
1,"Infinix HOT 30i (Marigold, 128 GB)","4.361,255 Ratings & 3,578 Reviews",8 GB RAM | 128 GB ROM | Expandable Upto 1 TB,16.76 cm (6.6 inch) HD+ Display,50MP + AI Lens | 5MP Front Camera,5000 mAh Battery,1 Year on Handset and 6 Months on Accessories,"₹9,039₹11,99924% offFree delivery by TodayBank Offer"
2,"Infinix HOT 30i (Diamond White, 128 GB)","4.361,255 Ratings & 3,578 Reviews",8 GB RAM | 128 GB ROM | Expandable Upto 1 TB,16.76 cm (6.6 inch) HD+ Display,50MP + AI Lens | 5MP Front Camera,5000 mAh Battery,1 Year on Handset and 6 Months on Accessories,"₹9,039₹11,99924% offFree delivery by TodayBank Offer"
3,"Infinix HOT 30i (Diamond White, 64 GB)","4.313,482 Ratings & 748 Reviews",4 GB RAM | 64 GB ROM | Expandable Upto 1 TB,16.76 cm (6.6 inch) HD+ Display,50MP + AI Lens | 5MP Front Camera,5000 mAh Battery,1 Year on Handset and 6 Months on Accessories,"₹8,199₹9,99918% offFree delivery by TodayBank Offer"
4,"Infinix HOT 30i (Marigold, 64 GB)","4.313,482 Ratings & 748 Reviews",4 GB RAM | 64 GB ROM | Expandable Upto 1 TB,16.76 cm (6.6 inch) HD+ Display,50MP + AI Lens | 5MP Front Camera,5000 mAh Battery,1 Year on Handset and 6 Months on Accessories,"₹8,199₹9,99918% offFree delivery by TodayBank Offer"
5,"MOTOROLA e13 (Creamy White, 64 GB)","442,122 Ratings & 3,441 Reviews",4 GB RAM | 64 GB ROM | Expandable Upto 1 TB,16.51 cm (6.5 inch) HD+ Display,13MP Rear Camera | 5MP Front Camera,5000 mAh Battery,1 Year on Handset and 6 Months on Accessories,"₹7,299₹10,99933% offFree delivery by TodayBank Offer"
6,"MOTOROLA e13 (Cosmic Black, 64 GB)","442,122 Ratings & 3,441 Reviews",4 GB RAM | 64 GB ROM | Expandable Upto 1 TB,16.51 cm (6.5 inch) HD+ Display,13MP Rear Camera | 5MP Front Camera,5000 mAh Battery,1 Year on Handset and 6 Months on Accessories,"₹7,299₹10,99933% offFree delivery by TodayBank Offer"
7,"Infinix HOT 30i (Glacier Blue, 64 GB)","4.313,482 Ratings & 748 Reviews",4 GB RAM | 64 GB ROM | Expandable Upto 1 TB,16.76 cm (6.6 inch) HD+ Display,50MP + AI Lens | 5MP Front Camera,5000 mAh Battery,1 Year on Handset and 6 Months on Accessories,"₹8,199₹9,99918% offFree delivery by TodayNo Cost EMI from ₹1,367/monthBank Offer"
8,"POCO C55 (Power Black, 64 GB)","4.246,158 Ratings & 2,688 Reviews",4 GB RAM | 64 GB ROM | Expandable Upto 1 TB,17.04 cm (6.71 inch) HD+ Display,50MP Dual Rear Camera | 5MP Front Camera,5000 mAh Battery,1 Year Manufacturer Warranty for Phone and 6 Months Warranty for In the Box Accessories,"₹7,499₹11,99937% offFree delivery by TodayBank Offer"
9,"MOTOROLA G62 5G (Midnight Gray, 128 GB)","4.142,973 Ratings & 3,779 Reviews",6 GB RAM | 128 GB ROM,16.64 cm (6.55 inch) Full HD+ Display,50MP + 8MP + 2MP | 16MP Front Camera,5000 mAh Lithium Polymer Battery,1 Year on Handset and 6 Months on Accessories,"₹14,999₹21,99931% offFree delivery by TodayBank Offer"
10,"MOTOROLA g13 (Lavender Blue, 128 GB)","440,188 Ratings & 3,684 Reviews",4 GB RAM | 128 GB ROM | Expandable Upto 1 TB,16.51 cm (6.5 inch) HD+ Display,50MP + 2MP + 2MP | 8MP Front Camera,5000 mAh Battery,1 Year on Handset and 6 Months on Accessories,"₹9,999₹13,99928% offFree delivery by TodayBank Offer"
11,"Infinix HOT 30i (Mirror Black, 128 GB)","4.361,255 Ratings & 3,578 Reviews",8 GB RAM | 128 GB ROM | Expandable Upto 1 TB,16.76 cm (6.6 inch) HD+ Display,50MP + AI Lens | 5MP Front Camera,5000 mAh Battery,1 Year on Handset and 6 Months on Accessories,"₹9,039₹11,99924% offFree delivery by TodayBank Offer"
12,"Infinix HOT 30i (Glacier Blue, 128 GB)","4.361,255 Ratings & 3,578 Reviews",8 GB RAM | 128 GB ROM | Expandable Upto 1 TB,16.76 cm (6.6 inch) HD+ Display,50MP + AI Lens | 5MP Front Camera,5000 mAh Battery,1 Year on Handset and 6 Months on Accessories,"₹9,039₹11,99924% offFree delivery by TodayBank Offer"
13,"Infinix HOT 30i (Mirror Black, 64 GB)","4.313,482 Ratings & 748 Reviews",4 GB RAM | 64 GB ROM | Expandable Upto 1 TB,16.76 cm (6.6 inch) HD+ Display,50MP + AI Lens | 5MP Front Camera,5000 mAh Battery,1 Year on Handset and 6 Months on Accessories,"₹8,199₹9,99918% offFree delivery by TodayBank Offer"
14,"MOTOROLA G32 (Satin Silver, 128 GB)","4.142,361 Ratings & 3,656 Reviews",8 GB RAM | 128 GB ROM,16.51 cm (6.5 inch) Full HD+ Display,50MP + 8MP + 2MP | 16MP Front Camera,5000 mAh Lithium Polymer Battery,1 Year on Handset and 6 Months on Accessories,"₹11,999₹18,99936% offFree delivery by TodayBank Offer"
15,"Infinix Smart 7 HD (Green Apple, 64 GB)","4.317,877 Ratings & 811 Reviews",2 GB RAM | 64 GB ROM | Expandable Upto 1 TB,16.76 cm (6.6 inch) HD+ Display,8MP + AI Lens | 5MP Front Camera,5000 mAh Battery,1 Year on Handset and 6 Months on Accessories,"₹6,199₹7,99922% offFree delivery by TodayBank Offer"
16,"Infinix Smart 7 HD (Ink Black, 64 GB)","4.317,877 Ratings & 811 Reviews",2 GB RAM | 64 GB ROM | Expandable Upto 1 TB,16.76 cm (6.6 inch) HD+ Display,8MP + AI Lens | 5MP Front Camera,5000 mAh Battery,1 Year on Handset and 6 Months on Accessories,"₹6,199₹7,99922% offFree delivery by TodayBank Offer"
17,"Infinix Smart 7 HD (Silk Blue, 64 GB)","4.317,877 Ratings & 811 Reviews",2 GB RAM | 64 GB ROM | Expandable Upto 1 TB,16.76 cm (6.6 inch) HD+ Display,8MP + AI Lens | 5MP Front Camera,5000 mAh Battery,1 Year on Handset and 6 Months on Accessories,"₹6,199₹7,99922% off"
18,"Infinix Smart 7 HD (Jade White, 64 GB)","4.317,877 Ratings & 811 Reviews",2 GB RAM | 64 GB ROM | Expandable Upto 1 TB,16.76 cm (6.6 inch) HD+ Display,8MP + AI Lens | 5MP Front Camera,5000 mAh Battery,1 Year on Handset and 6 Months on Accessories,"₹6,199₹7,99922% offFree delivery by TodayBank Offer"
19,"POCO C50 (Country Green, 32 GB)","4.250,720 Ratings & 2,400 Reviews",2 GB RAM | 32 GB ROM | Expandable Upto 512 GB,16.56 cm (6.52 inch) HD+ Display,8MP Dual Camera | 5MP Front Camera,5000 mAh Lithium Polymer Battery,1 Year Manufacturer Warranty for Phone and 6 Months Warranty for In the Box Accessories,"₹5,499₹8,99938% offFree delivery by TodayBank Offer"
20,"realme C53 (Champion Gold, 64 GB)","4.512,644 Ratings & 575 Reviews",6 GB RAM | 64 GB ROM | Expandable Upto 2 TB,17.12 cm (6.74 inch) HD Display,108MP + 2MP | 8MP Front Camera,5000 mAh Battery,1 Year Manufacturer Warranty for Phone and 6 Months Warranty for In the Box Accessories,"₹10,999₹12,99915% off"
21,"POCO M5 (Icy Blue, 64 GB)","4.116,887 Ratings & 1,424 Reviews",4 GB RAM | 64 GB ROM | Expandable Upto 512 GB,16.71 cm (6.58 inch) Full HD+ Display,50MP + 2MP Depth Sensor + 2MP Macro Sensor | 8MP Front Camera,5000 mAh Lithium-ion Polymer Battery,"1 Year for Handset, 6 Months for Accessories","₹8,499₹15,99946% offFree delivery by TodayBank Offer"
22,"realme C53 (Champion Black, 64 GB)","4.512,644 Ratings & 575 Reviews",6 GB RAM | 64 GB ROM | Expandable Upto 2 TB,17.12 cm (6.74 inch) HD Display,108MP + 2MP | 8MP Front Camera,5000 mAh Battery,1 Year Manufacturer Warranty for Phone and 6 Months Warranty for In the Box Accessories,"₹10,999₹12,99915% offFree delivery by TodayBank Offer"
23,"MOTOROLA e32 (Eco Black, 64 GB)","3.913,159 Ratings & 1,069 Reviews",4 GB RAM | 64 GB ROM | Expandable Upto 1 TB,16.51 cm (6.5 inch) HD+ Display,50MP + 2MP | 8MP Front Camera,5000 mAh Battery,1 Year on Handset and 6 Months on Accessories,"₹7,999₹11,99933% offFree delivery by TodayBank Offer"
