,0,1,2,3,4,5,6,7
0,I Kall K3310,"3.663,863 Ratings & 7,361 Reviews",32 MB RAM | 64 MB ROM | Expandable Upto 8 GB,4.57 cm (1.8 inch) Display,0.3MP Rear Camera,1000 mAh Battery,,₹744₹84912% offFree deliveryBank Offer
1,SAREGAMA Carvaan Mobile Hindi Don M12 with 1000 Pre-Loaded Songs,468 Ratings & 9 Reviews,32 MB RAM | 1.30 GB ROM,4.57 cm (1.8 inch) Display,800 mAh Battery,12 months warranty against manufacturing defects,,"₹1,750Free deliveryBank Offer"
2,Nokia 105 DS (2023) Charcoal,4.25 Ratings & 0 Reviews,4 MB RAM | 4 MB ROM,4.57 cm (1.8 inch) Display,1000 mAh Battery,1 Year Manufacturer Warranty,,"₹1,515₹1,69910% offFree deliveryBank Offer"
3,"OPPO A17k (Navy Blue, 64 GB)","4.56,940 Ratings & 182 Reviews",3 GB RAM | 64 GB ROM | Expandable Upto 2 TB,16.66 cm (6.56 inch) HD+ Display,8MP Rear Camera | 5MP Front Camera,5000 mAh Battery,1 Year on Handset and 6 Months on Accessories,"₹9,499₹12,99926% offFree deliveryUpto ₹8,950 Off on ExchangeNo Cost EMI from ₹3,167/month"
4,KARBONN K531,4287 Ratings & 28 Reviews,32 MB RAM | 32 MB ROM,6.1 cm (2.4 inch) QVGA Display,2MP Rear Camera,1800 mAh Battery,,"₹1,380₹1,79022% offFree deliveryDaily SaverBank Offer"
5,MTR S1000,3.640 Ratings & 1 Reviews,32 MB RAM | 32 MB ROM,6.1 cm (2.4 inch) Display,0.3MP Rear Camera,3000 mAh Battery,,"₹1,100₹1,99944% offFree deliveryBank Offer"
6,KARBONN K531,4287 Ratings & 28 Reviews,32 MB RAM | 32 MB ROM | Expandable Upto 16 GB,6.1 cm (2.4 inch) Display,0.3MP Rear Camera,1750 mAh Battery,,"₹1,349Free deliveryBank Offer"
7,KARBONN K531,4287 Ratings & 28 Reviews,32 MB RAM | 32 MB ROM | Expandable Upto 32 GB,6.1 cm (2.4 inch) Quarter QVGA Display,0.3MP Rear Camera,1800 mAh Battery,,"₹1,349Free deliveryBank Offer"
8,KARBONN KX3S,3.798 Ratings & 7 Reviews,32 MB RAM | 32 MB ROM | Expandable Upto 16 GB,4.57 cm (1.8 inch) FWVGA+ Display,0MP | 0.03MP Front Camera,1000 mAh Battery,1 year manufacturer defect,"₹1,070₹1,19010% offFree deliveryBank Offer"
9,"I Kall King Talking, Contact icon and Auto Call Recording","3.618,357 Ratings & 1,617 Reviews",32 MB RAM | 32 MB ROM,4.57 cm (1.8 inch) Display,0.3MP Rear Camera,1000 mAh Battery,,₹737₹99926% offFree deliveryBank Offer
10,Kechaoda K55 Pro,"3.81,624 Ratings & 86 Reviews",32 MB RAM | 64 MB ROM,4.57 cm (1.8 inch) Quarter QVGA Display,1.3MP Rear Camera,400 mAh Battery,,"₹1,399₹1,4996% offFree deliveryBank Offer"
11,Kechaoda K115 PRO,4178 Ratings & 11 Reviews,32 MB RAM | 32 MB ROM,3.66 cm (1.44 inch) QVGA Display,0.3MP Rear Camera,850 mAh Battery,,"₹1,170₹1,99941% offFree deliveryBank Offer"
12,Snexian GURU 312,"3.43,599 Ratings & 251 Reviews",32 MB RAM | 32 MB ROM | Expandable Upto 16 GB,4.57 cm (1.8 inch) Quarter QVGA Display,0.3MP Rear Camera,800 mAh Battery,,₹670₹99932% offFree deliveryBank Offer
13,Snexian GURU 312,"3.43,599 Ratings & 251 Reviews",32 MB RAM | 32 MB ROM | Expandable Upto 16 GB,4.57 cm (1.8 inch) Quarter QVGA Display,0.3MP Rear Camera,800 mAh Battery,,₹670₹99932% offFree deliveryBank Offer
14,Snexian ROCK R7,3.7629 Ratings & 56 Reviews,32 MB RAM | 32 MB ROM | Expandable Upto 32 GB,4.57 cm (1.8 inch) VGA Display,0.3MP Rear Camera | 0.3MP Front Camera,1000 mAh Battery,,"₹799₹1,19933% offFree deliveryBank Offer"
15,"realme C25s (Watery Grey, 128 GB)","4.452,824 Ratings & 3,017 Reviews",4 GB RAM | 128 GB ROM | Expandable Upto 256 GB,16.51 cm (6.5 inch) HD+ Display,13MP + 2MP + 2MP | 8MP Front Camera,6000 mAh Battery,1 Year Warranty for Mobile and 6 Months for Accessories,"₹9,999₹11,99916% offFree deliveryBank Offer"
16,"SAMSUNG Galaxy M33 5G (Mystique Green, 128 GB)","4.211,651 Ratings & 845 Reviews",6 GB RAM | 128 GB ROM,16.74 cm (6.59 inch) Display,50MP Rear Camera | 8MP Front Camera,6000 mAh Battery,,"₹15,900₹24,99936% offFree deliveryNo Cost EMI from ₹2,650/monthBank Offer"
17,"Redmi 9A Sport (Coral Green, 32 GB)","4.27,037 Ratings & 499 Reviews",3 GB RAM | 32 GB ROM,16.59 cm (6.53 inch) Display,13MP Rear Camera,5000 mAh Battery,,"₹7,990₹9,49915% offFree deliveryBank Offer"
18,Kechaoda K60,"4.11,424 Ratings & 134 Reviews",32 MB RAM | 32 MB ROM | Expandable Upto 16 GB,6.1 cm (2.4 inch) QVGA Display,0.3MP Rear Camera | 0.3MP Front Camera,3600 mAh Battery,,"₹1,789₹2,49928% offFree deliveryHot DealBank Offer"
19,I Kall k22 Plus,3.643 Ratings & 2 Reviews,64 MB RAM | 32 MB ROM,4.57 cm (1.8 inch) Display,0.3MP Rear Camera,1000 mAh Battery,,₹869Free deliveryBank Offer
20,"IQOO Neo 7 5G (Interstellar Black, 256 GB)",4.4350 Ratings & 29 Reviews,12 GB RAM | 256 GB ROM,17.22 cm (6.78 inch) Display,64MP Rear Camera,5000 mAh Battery,,"₹33,565₹38,99913% offFree deliveryDaily SaverNo Cost EMI from ₹5,594/month"
21,"IQOO Neo 7 5G (Frost Blue, 256 GB)",4.4350 Ratings & 29 Reviews,12 GB RAM | 256 GB ROM,17.22 cm (6.78 inch) Display,64MP Rear Camera,5000 mAh Battery,,"₹33,738₹38,99913% offFree deliveryNo Cost EMI from ₹5,623/monthBank Offer"
22,I Kall K3310,"3.663,863 Ratings & 7,361 Reviews",32 MB RAM | 32 MB ROM,4.5 cm (1.77 inch) Display,0.3MP Rear Camera,1000 mAh Battery,,₹744Free deliveryBank Offer
23,"itel Vision3 (Multi Green, 32 GB)",4.2578 Ratings & 34 Reviews,2 GB RAM | 32 GB ROM,16.76 cm (6.6 inch) Display,8MP Rear Camera,5000 mAh Battery,,"₹5,990₹7,99925% offFree deliveryBank Offer"
