,0,1,2,3,4,5,6,7
0,"OPPO F21s Pro (Dawnlight Gold, 128 GB)",4.2774 Ratings & 54 Reviews,8 GB RAM | 128 GB ROM,16.33 cm (6.43 inch) Full HD+ Display,64MP + 2MP + 2MP | 32MP Front Camera,4500 mAh Battery,1 Year Manufacturer Warranty for Phone and 6 Months Warranty for In the Box Accessories,"₹21,999₹27,99921% off"
1,"REDMI Note 12 (Sunrise Gold, 128 GB)","4.111,169 Ratings & 948 Reviews",6 GB RAM | 128 GB ROM | Expandable Upto 1 TB,16.94 cm (6.67 inch) Full HD+ Super AMOLED Display,50MP + 8MP + 2MP | 13MP Front Camera,5000 mAh Battery,1 Year Manufacturer Warranty for Phone and 6 Months Warranty for In the Box Accessories,"₹15,999₹20,99923% offFree deliveryUpto ₹14,750 Off on ExchangeNo Cost EMI from ₹1,778/month"
2,LAVA A1 Josh 2021,"4.18,754 Ratings & 709 Reviews",0 MB ROM | Expandable Upto 32 GB,4.5 cm (1.77 inch) Quarter QVGA Display,800 mAh Li-ion Battery,1 Year Manufacturer Replacement Guarantee for Phone and 6 months Replacement for Accessories in the Box,,"₹1,099₹1,34918% offFree deliveryBank Offer"
3,"I Kall King Talking, Contact icon and Auto Call Recording","3.618,357 Ratings & 1,617 Reviews",32 MB RAM | 64 MB ROM,4.57 cm (1.8 inch) Display,0.3MP Rear Camera,1500 mAh Battery,,₹774₹8195% offFree deliveryBank Offer
4,LAVA Spark i8,"4.17,275 Ratings & 820 Reviews",32 MB RAM | 32 MB ROM | Expandable Upto 32 GB,7.11 cm (2.8 inch) QVGA Display,1.3MP Rear Camera,1200 mAh Battery,,"₹1,899Free deliveryUpto ₹1,350 Off on ExchangeBank Offer"
5,LAVA Spark i8,"4.17,275 Ratings & 820 Reviews",32 MB RAM | 32 MB ROM | Expandable Upto 32 GB,7.11 cm (2.8 inch) Display,1.3MP Rear Camera,1200 mAh Battery,,"₹1,899Free deliveryUpto ₹1,350 Off on ExchangeBank Offer"
6,Kechaoda K66 The Music House 4,"3.918,427 Ratings & 1,335 Reviews",32 MB RAM | 64 MB ROM | Expandable Upto 32 GB,4.57 cm (1.8 inch) Display,1.3MP Rear Camera,400 mAh Battery,,"₹1,399₹1,99930% offFree deliveryBank Offer"
7,Kechaoda K115,"4.131,534 Ratings & 2,344 Reviews",32 MB RAM | 32 MB ROM,3.66 cm (1.44 inch) QVGA Display,0.3MP Rear Camera,850 mAh Battery,,"₹1,109₹1,41521% offFree deliveryBank Offer"
8,DIZO Star 300,"3.910,735 Ratings & 1,238 Reviews",32 MB RAM | 32 MB ROM | Expandable Upto 64 GB,4.5 cm (1.77 inch) Quarter QVGA Display,0.3MP Rear Camera,2550 mAh Battery,1 Year Warranty,"₹1,343₹1,54913% offFree deliveryBank Offer"
9,Snexian Rock,"412,358 Ratings & 773 Reviews",32 MB RAM | 32 MB ROM,4.32 cm (1.7 inch) Display,0.3MP Rear Camera,800 mAh Battery,,"₹1,499₹1,99925% offFree deliveryBank Offer"
10,Snexian Rock,"412,358 Ratings & 773 Reviews",32 MB RAM | 32 MB ROM,4.32 cm (1.7 inch) Display,0.3MP Rear Camera,800 mAh Battery,,"₹1,499₹1,99925% offFree deliveryBank Offer"
11,"OnePlus Nord CE3 5G (Grey Shimmer, 256 GB)","4.42,030 Ratings & 103 Reviews",12 GB RAM | 256 GB ROM,17.02 cm (6.7 inch) Display,50MP Rear Camera,5000 mAh Battery,,"₹28,946₹28,999Free deliveryBank Offer"
12,"OPPO A78 5G (Glowing Black, 128 GB)","4.421,145 Ratings & 1,794 Reviews",8 GB RAM | 128 GB ROM,16.66 cm (6.56 inch) Display,13MP Rear Camera | 8MP Front Camera,5000 mAh Battery,,"₹18,060₹18,9994% offFree deliveryNo Cost EMI from ₹3,010/monthBank Offer"
13,"realme 10 Pro+ 5G (Dark Matter, 128 GB)","4.614,064 Ratings & 848 Reviews",8 GB RAM | 128 GB ROM,17.02 cm (6.7 inch) Full HD+ Display,108MP + 8MP + 2MP | 16MP Front Camera,5000 mAh Battery,1 Year Manufacturer Warranty for Phone and 6 Months Warranty for In-Box Accessories,"₹23,999₹27,99914% offFree deliveryDaily SaverUpto ₹23,450 Off on Exchange"
14,"OnePlus Nord CE3 5G (Grey Shimmer, 128 GB)","4.428,870 Ratings & 2,511 Reviews",8 GB RAM | 128 GB ROM,17.02 cm (6.7 inch) Display,50MP Rear Camera,5000 mAh Battery,,"₹26,898₹26,999Free deliveryBank Offer"
15,"OnePlus Nord CE3 5G (?Aqua Surge, 128 GB)","4.428,870 Ratings & 2,511 Reviews",8 GB RAM | 128 GB ROM,17.02 cm (6.7 inch) Display,50MP Rear Camera,5000 mAh Battery,,"₹26,902₹26,999Free deliveryBank Offer"
16,"APPLE iPhone 14 Plus (Midnight, 128 GB)","4.428,870 Ratings & 2,511 Reviews",128 GB ROM,17.02 cm (6.7 inch) Super Retina XDR Display,12MP + 12MP | 12MP Front Camera,"A15 Bionic Chip, 6 Core Processor Processor",,"₹77,999₹89,90013% offFree deliveryDaily SaverUpto ₹61,000 Off on Exchange"
17,"realme 10 Pro+ 5G (Nebula Blue, 128 GB)",3.8625 Ratings & 37 Reviews,6 GB RAM | 128 GB ROM,17.02 cm (6.7 inch) Full HD+ Display,108MP + 8MP + 2MP | 16MP Front Camera,5000 mAh Battery,1 Year Manufacturer Warranty for Phone and 6 Months Warranty for In-Box Accessories,"₹22,999₹25,99911% offFree deliveryDaily SaverUpto ₹22,100 Off on Exchange"
18,"realme 10 Pro+ 5G (Hyperspace, 128 GB)",3.5944 Ratings & 42 Reviews,6 GB RAM | 128 GB ROM,17.02 cm (6.7 inch) Full HD+ Display,108MP + 8MP + 2MP | 16MP Front Camera,5000 mAh Battery,1 Year Manufacturer Warranty for Phone and 6 Months Warranty for In-Box Accessories,"₹22,999₹25,99911% offFree deliveryDaily SaverUpto ₹22,100 Off on Exchange"
19,"realme 10 Pro+ 5G (Dark Matter, 128 GB)",3.5944 Ratings & 42 Reviews,6 GB RAM | 128 GB ROM,17.02 cm (6.7 inch) Full HD+ Display,108MP + 8MP + 2MP | 16MP Front Camera,5000 mAh Battery,1 Year Manufacturer Warranty for Phone and 6 Months Warranty for In-Box Accessories,"₹22,999₹25,99911% offFree deliveryDaily SaverUpto ₹22,100 Off on Exchange"
20,Micromax S115,3.5944 Ratings & 42 Reviews,32 MB RAM | 32 MB ROM,4.5 cm (1.77 inch) Display,800 mAh Battery,1 Year Manufacturer Warranty,,"₹936₹1,59941% offFree deliveryBank Offer"
