,0,1,2,3,4,5,6,7
0,"REDMI 12C (Mint Green, 64 GB)","4.21,774 Ratings & 98 Reviews",4 GB RAM | 64 GB ROM,17.04 cm (6.71 inch) Display,50MP Rear Camera,5000 mAh Battery,,"₹8,754₹13,99937% offFree deliveryNo Cost EMI from ₹1,459/monthBank Offer"
1,"REDMI Note 12 Pro+ 5G (Obsidian Black, 256 GB)","4.214,255 Ratings & 1,488 Reviews",8 GB RAM | 256 GB ROM,16.94 cm (6.67 inch) Full HD+ AMOLED Display,200MP + 8MP + 2MP | 16MP Front Camera,4980 mAh Lithium Polymer Battery,1 Year Manufacturer Warranty for Phone and 6 Months Warranty for In the Box Accessories,"₹29,999₹33,99911% offFree deliveryDaily SaverUpto ₹27,000 Off on Exchange"
2,Jmax J06,3.792 Ratings & 6 Reviews,32 MB RAM | 32 MB ROM,4.57 cm (1.8 inch) Display,0.3MP Rear Camera,1100 mAh Battery,,"₹699₹1,19941% offFree deliveryBank Offer"
3,Kechaoda K115,"4.131,534 Ratings & 2,344 Reviews",32 MB RAM | 32 MB ROM,3.66 cm (1.44 inch) QVGA Display,0.3MP Rear Camera,850 mAh Battery,,"₹1,110₹1,42722% offFree deliveryBank Offer"
4,"SAMSUNG Galaxy M14 5G (ICY Silver, 128 GB)",4.2600 Ratings & 51 Reviews,4 GB RAM | 128 GB ROM,16.76 cm (6.6 inch) Display,50MP Rear Camera,6000 mAh Battery,,"₹14,539₹17,99019% offFree deliveryNo Cost EMI from ₹2,424/monthBank Offer"
5,"MOTOROLA Edge 30 Ultra (Starlight White, 256 GB)",4.3969 Ratings & 150 Reviews,12 GB RAM | 256 GB ROM,16.94 cm (6.67 inch) Full HD+ Display,200MP + 50MP + 12MP | 60MP Front Camera,4610 mAh Lithium Battery,1 Year on Handset and 6 Months on Accessories,"₹49,999₹74,99933% offFree deliveryUpto ₹47,500 Off on ExchangeBank Offer"
6,KARBONN K9 Yuva,3.9924 Ratings & 63 Reviews,64 MB RAM | 32 KB ROM,4.57 cm (1.8 inch) QVGA Display,2MP Rear Camera,2502 mAh Battery,,"₹1,294₹1,49013% offFree deliveryBank Offer"
7,"vivo Y16 (Steller Black, 64 GB)","4.22,800 Ratings & 150 Reviews",3 GB RAM | 64 GB ROM | Expandable Upto 1 TB,16.54 cm (6.51 inch) HD+ Display,13MP + 2MP | 5MP Front Camera,5000 mAh Lithium Battery,1 Year of Device & 6 Months for In-Box Accessories,"₹10,999₹13,99921% offFree deliveryUpto ₹10,300 Off on ExchangeBank Offer"
8,"REDMI 10 (Pacific Blue, 64 GB)","4.32,45,643 Ratings & 14,915 Reviews",4 GB RAM | 64 GB ROM | Expandable Upto 1 TB,17.02 cm (6.7 inch) HD+ Display,50MP + 2MP | 5MP Front Camera,6000 mAh Lithium Polymer Battery,1 Year Warranty for Phone and 6 Months Warranty for In-Box Accessories,"₹9,999₹14,99933% offFree deliveryBank Offer"
9,itel it5026 Keypad Mobile|1200 mAh battery|Expandable Storage upto 32GB,"41,358 Ratings & 125 Reviews",4 MB RAM | 4 MB ROM,6.1 cm (2.4 inch) Display,2MP Rear Camera,1200 mAh Battery,,"₹1,298₹1,69923% offFree deliveryBank Offer"
10,"I Kall K450 Pro (Blue, 64 GB)","4.72,49,272 Ratings & 12,335 Reviews",4 GB RAM | 64 GB ROM | Expandable Upto 128 GB,15.9 cm (6.26 inch) Display,13MP Rear Camera | 8MP Front Camera,4000 mAh Battery,,"₹5,999₹9,49936% offFree deliveryBank Offer"
11,"APPLE iPhone 13 (Pink, 128 GB)","4.256,007 Ratings & 5,201 Reviews",128 GB ROM,15.49 cm (6.1 inch) Super Retina XDR Display,12MP + 12MP | 12MP Front Camera,A15 Bionic Chip Processor,,"₹59,999₹69,90014% offFree deliveryDaily SaverUpto ₹59,000 Off on Exchange"
12,Nokia TA-1174 / TA-1299,3.8384 Ratings & 29 Reviews,4 MB RAM | 4 MB ROM,4.57 cm (1.8 inch) Display,800 mAh Battery,1 Year Manufacturer Warranty,,"₹1,399"
13,Nokia 105 SS 2023,"4.41,424 Ratings & 185 Reviews",4 MB RAM | 4 MB ROM,4.57 cm (1.8 inch) Display,1000 mAh Battery,1 Year Manufacture Warranty For Device and 6 Months Manufacture Warranty For In-box Accessories Including batteries From the date of Purchase,,"₹1,471₹1,5998% offFree deliveryBank Offer"
14,"realme GT 2 (Paper White, 256 GB)",3.6466 Ratings & 33 Reviews,12 GB RAM | 256 GB ROM,16.81 cm (6.62 inch) Full HD+ AMOLED Display,50MP + 8MP + 2MP | 16MP Front Camera,5000 mAh Lithium Ion Battery,1 Year Manufacturer Warranty for Phone and 6 Months Warranty for In-Box Accessories,"₹28,999₹44,99935% offFree deliveryUpto ₹28,050 Off on ExchangeBank Offer"
15,Jmax J30,4.3335 Ratings & 31 Reviews,32 MB RAM | 32 MB ROM,4.57 cm (1.8 inch) Display,2MP Rear Camera,1050 mAh Battery,,"₹699₹1,39950% offFree deliveryBank Offer"
16,"POCO M6 Pro 5G (Power Black, 128 GB)","4.32,08,497 Ratings & 19,013 Reviews",6 GB RAM | 128 GB ROM | Expandable Upto 1 TB,17.25 cm (6.79 inch) Full HD+ Display,50MP + 2MP | 8MP Front Camera,5000 mAh Battery,1 Year Manufacturer Warranty for Phone and 6 Months Warranty for In the Box Accessories,"₹12,999₹16,99923% off"
17,SAMSUNG Guru Music 2,"4.16,441 Ratings & 509 Reviews",NA ROM,5.08 cm (2 inch) NA Display,800 mAh Battery,0 0 0 208MHz Processor,,"₹1,850₹1,9505% offFree deliveryBank Offer"
18,itel It2171 Keypad Mobile|1000 mAh battery|Expandable Storage upto 32GB,"4.16,441 Ratings & 509 Reviews",32 MB RAM | 32 MB ROM | Expandable Upto 32 GB,4.57 cm (1.8 inch) Quarter QVGA Display,0.3MP Rear Camera,1000 mAh Battery,,"₹999₹1,39928% offFree deliveryDaily SaverBank Offer"
19,itel It2171 Keypad Mobile|1000 mAh battery|Expandable Storage upto 32GB,"4.22,478 Ratings & 174 Reviews",32 MB RAM | 32 MB ROM | Expandable Upto 32 GB,4.57 cm (1.8 inch) Quarter QVGA Display,0.3MP Rear Camera,1000 mAh Battery,,"₹999₹1,39928% offFree deliveryDaily SaverBank Offer"
20,"REDMI Note 11 (Horizon Blue, 128 GB)","41,358 Ratings & 125 Reviews",6 GB RAM | 128 GB ROM,16.33 cm (6.43 inch) Display,50MP Rear Camera,5000 mAh Battery,,"₹13,879₹19,99930% offFree deliveryDaily SaverBank Offer"
21,itel it5026 Keypad Mobile|1200 mAh battery|Expandable Storage upto 32GB,3.792 Ratings & 6 Reviews,4 MB RAM | 4 MB ROM,6.1 cm (2.4 inch) Display,2MP Rear Camera,1200 mAh Battery,,"₹1,298₹1,69923% offFree deliveryBank Offer"
22,Jmax J06,"43,512 Ratings & 442 Reviews",32 MB RAM | 32 MB ROM,4.57 cm (1.8 inch) Display,0.3MP Rear Camera,1100 mAh Battery,,"₹699₹1,29946% offFree deliveryBank Offer"
