,0,1,2,3,4,5,6,7
0,"Google Pixel 6a (Chalk, 128 GB)","4.357,562 Ratings & 6,809 Reviews",6 GB RAM | 128 GB ROM,15.6 cm (6.14 inch) Full HD+ Display,12.2MP + 12MP | 8MP Front Camera,4410 mAh Battery,1 Year Brand Warranty,"₹26,999₹43,99938% off"
1,itel Ace2 Keypad Mobile| 1000 mAh Battery|Expandable Storage 32GB,"41,467 Ratings & 127 Reviews",4 MB RAM | 4 MB ROM | Expandable Upto 32 GB,4.57 cm (1.8 inch) Quarter QVGA Display,0MP Front Camera,1000 mAh Lithium Ion Battery,12+1 Month Warranty on Device and 6 Months on Accessories Including Battery,"₹905₹1,44937% offFree delivery by TodayDaily SaverBank Offer"
2,"realme 10 (Clash White, 64 GB)","4.217,953 Ratings & 1,428 Reviews",4 GB RAM | 64 GB ROM | Expandable Upto 1 TB,16.26 cm (6.4 inch) Full HD+ Display,50MP + 2MP | 16MP Front Camera,5000 mAh Battery,1 Year Manufacturer Warranty for Phone and 6 Months Warranty for In-Box Accessories,"₹11,499₹15,99928% offFree delivery by TodayNo Cost EMI from ₹1,917/monthBank Offer"
3,"MOTOROLA g14 (Steel Gray, 128 GB)",4.2492 Ratings & 55 Reviews,4 GB RAM | 128 GB ROM | Expandable Upto 1 TB,16.51 cm (6.5 inch) Full HD+ Display,50MP + 2MP | 8MP Front Camera,5000 mAh Battery,Immersive Stereo Speakers with Dolby Atmos,"₹9,999₹12,99923% off"
4,"SAMSUNG Galaxy F13 (Waterfall Blue, 128 GB)","4.31,65,251 Ratings & 9,457 Reviews",4 GB RAM | 128 GB ROM | Expandable Upto 1 TB,16.76 cm (6.6 inch) Full HD+ Display,50MP + 5MP + 2MP | 8MP Front Camera,6000 mAh Lithium Ion Battery,1 Year Warranty Provided By the Manufacturer from Date of Purchase,"₹11,999₹16,99929% off"
5,"MOTOROLA g72 (Meteorite Grey, 128 GB)","4.118,634 Ratings & 2,370 Reviews",6 GB RAM | 128 GB ROM | Expandable Upto 1 TB,16.64 cm (6.55 inch) Full HD+ Display,108MP + 8MP + 2MP | 16MP Front Camera,5000 mAh Lithium Battery,1 Year on Handset and 6 Months on Accessories,"₹14,999₹21,99931% offFree delivery by TodayBank Offer"
6,itel Ace2 Keypad Mobile| 1000 mAh Battery|Expandable Storage 32GB,"41,467 Ratings & 127 Reviews",4 MB RAM | 4 MB ROM | Expandable Upto 32 GB,4.57 cm (1.8 inch) Quarter QVGA Display,0MP Front Camera,1000 mAh Lithium Ion Battery,12 Month Warranty on Device and 6 Months on Accessories Including Battery,"₹905₹1,44937% offFree delivery by TodayDaily SaverBank Offer"
7,"APPLE iPhone 14 (Midnight, 128 GB)","4.645,294 Ratings & 1,720 Reviews",128 GB ROM,15.49 cm (6.1 inch) Super Retina XDR Display,12MP + 12MP | 12MP Front Camera,"A15 Bionic Chip, 6 Core Processor Processor",,"₹68,999₹79,90013% offFree delivery by TodayDaily SaverBank Offer"
8,"realme 10 Pro 5G (Dark Matter, 128 GB)","4.327,837 Ratings & 2,023 Reviews",8 GB RAM | 128 GB ROM | Expandable Upto 1 TB,17.07 cm (6.72 inch) Full HD+ Display,108MP + 2MP | 16MP Front Camera,5000 mAh Battery,1 Year Manufacturer Warranty for Phone and 6 Months Warranty for In-Box Accessories,"₹19,999₹22,99913% off"
9,LAVA Hero 600i,"41,501 Ratings & 87 Reviews",4 MB RAM | 3 MB ROM | Expandable Upto 32 GB,4.57 cm (1.8 inch) QVGA Display,620 mAh Battery,1 year manufacturer warranty for device and 6 months manufacturer warranty for in-box accessories including batteries from the date of purchase,,"₹898₹1,19925% offFree delivery by TodayBank Offer"
10,"Infinix Note 30 5G (Sunset Gold, 256 GB)","4.211,446 Ratings & 1,637 Reviews",8 GB RAM | 256 GB ROM | Expandable Upto 2 TB,17.22 cm (6.78 inch) Full HD+ Display,108 MP + 2 MP+ AI Lens | 16MP Front Camera,5000 mAh Li-ion Polymer Battery,1 Year on Handset and 6 Months on Accessories,"₹15,999₹19,99920% off"
11,"POCO X5 5G (Supernova Green, 128 GB)","4.216,671 Ratings & 1,273 Reviews",6 GB RAM | 128 GB ROM | Expandable Upto 1 TB,16.94 cm (6.67 inch) Full HD+ Display,48MP + 8MP + 2MP | 13MP Front Camera,5000 mAh Battery,1 Year Manufacturer Warranty for Phone and 6 Months Warranty for In the Box Accessories,"₹15,999₹20,99923% offFree delivery by TodayNo Cost EMI from ₹2,667/monthBank Offer"
12,"REDMI 12 (Pastel Blue, 128 GB)","4.44,390 Ratings & 315 Reviews",4 GB RAM | 128 GB ROM | Expandable Upto 1 TB,17.25 cm (6.79 inch) Full HD+ Display,50MP + 8MP + 2MP | 8MP Front Camera,5000 mAh Battery,1 Year Manufacturer Warranty for Phone and 6 Months Warranty for in the Box Accessories,"₹9,999₹14,99933% off"
13,"Infinix HOT 20 5G (Space Blue, 64 GB)","4.214,888 Ratings & 1,159 Reviews",4 GB RAM | 64 GB ROM | Expandable Upto 1 TB,16.76 cm (6.6 inch) Full HD+ Display,50MP + AI Lens | 8MP Front Camera,5000 mAh Li-ion Polymer Battery,1 Year on Handset and 6 Months on Accessories,"₹11,499₹17,99936% offFree delivery by TodayNo Cost EMI from ₹1,917/monthBank Offer"
14,"Infinix HOT 20 5G (Blaster Green, 64 GB)","4.214,888 Ratings & 1,159 Reviews",4 GB RAM | 64 GB ROM | Expandable Upto 1 TB,16.76 cm (6.6 inch) Full HD+ Display,50MP + AI Lens | 8MP Front Camera,5000 mAh Li-ion Polymer Battery,1 Year on Handset and 6 Months on Accessories,"₹11,499₹17,99936% offFree delivery by TodayBank Offer"
15,Snexian GURU 310,"3.321,177 Ratings & 1,684 Reviews",32 MB RAM | 32 MB ROM,4.57 cm (1.8 inch) NA Display,1.3MP Rear Camera,800 mAh Battery,,₹699₹99930% offFree deliveryBank Offer
16,"REDMI A2 (Aqua Blue, 64 GB)","4.11,531 Ratings & 86 Reviews",4 GB RAM | 64 GB ROM,16.56 cm (6.52 inch) Display,8MP Rear Camera,5000 mAh Battery,,"₹7,384₹10,99932% offFree delivery by TodayNo Cost EMI from ₹1,231/monthBank Offer"
17,"REDMI A2 (Classic Black, 64 GB)","4.11,531 Ratings & 86 Reviews",4 GB RAM | 64 GB ROM,16.56 cm (6.52 inch) Display,8MP Rear Camera,5000 mAh Battery,,"₹7,214₹10,99934% offFree delivery by TodayNo Cost EMI from ₹1,203/monthBank Offer"
18,"POCO M4 Pro (Cool Blue, 128 GB)","4.224,350 Ratings & 1,897 Reviews",8 GB RAM | 128 GB ROM | Expandable Upto 1 TB,16.33 cm (6.43 inch) Full HD+ AMOLED Display,64MP + 8MP + 2MP | 16MP Front Camera,5000 mAh Lithium-ion Polymer Battery,"One Year for Handset, 6 Months for Accessories","₹13,999₹21,99936% offFree delivery by TodayBank Offer"
19,Nokia 105 PLUS,"4.110,592 Ratings & 709 Reviews",4 MB RAM | 4 MB ROM,4.5 cm (1.77 inch) Display,0MP Front Camera,1000 mAh Lithium Ion Battery,1 Year Manufacturer Warranty For Device And 6 Months Manufacturer Warranty For In-Box Accessories Including Battery From The Date Of Purchase,"₹1,549₹1,89918% offFree delivery by TodayHot DealBank Offer"
20,"Infinix Note 30 5G (Interstellar Blue, 256 GB)","4.211,446 Ratings & 1,637 Reviews",8 GB RAM | 256 GB ROM | Expandable Upto 2 TB,17.22 cm (6.78 inch) Full HD+ Display,108 MP + 2 MP+ AI Lens | 16MP Front Camera,5000 mAh Li-ion Polymer Battery,1 Year on Handset and 6 Months on Accessories,"₹15,999₹19,99920% off"
21,"Infinix Note 30 5G (Interstellar Blue, 128 GB)","4.11,611 Ratings & 185 Reviews",4 GB RAM | 128 GB ROM | Expandable Upto 2 TB,17.22 cm (6.78 inch) Full HD+ Display,108 MP + 2 MP+ AI Lens | 16MP Front Camera,5000 mAh Li-ion Polymer Battery,1 Year on Handset and 6 Months on Accessories,"₹14,999₹17,99916% offFree delivery by TodayBank Offer"
22,Snexian Guru 310,"3.321,177 Ratings & 1,684 Reviews",32 MB RAM | 64 MB ROM | Expandable Upto 16 GB,4.57 cm (1.8 inch) Quarter QVGA Display,0.3MP Rear Camera,800 mAh Battery,,₹670₹82618% offFree deliveryBank Offer
23,"POCO C50 (Country Green, 32 GB)","417,413 Ratings & 1,098 Reviews",3 GB RAM | 32 GB ROM | Expandable Upto 512 GB,16.56 cm (6.52 inch) HD+ Display,8MP Dual Camera | 5MP Front Camera,5000 mAh Lithium Polymer Battery,1 Year Manufacturer Warranty for Phone and 6 Months Warranty for In the Box Accessories,"₹6,299₹9,99937% offFree delivery by TodayBank Offer"
