,0,1,2,3,4,5,6,7
0,"REDMI 10 (Midnight Black, 64 GB)","4.32,45,643 Ratings & 15,132 Reviews",4 GB RAM | 64 GB ROM | Expandable Upto 1 TB,17.02 cm (6.7 inch) HD+ Display,50MP + 2MP | 5MP Front Camera,6000 mAh Lithium Polymer Battery,1 Year Warranty for Phone and 6 Months Warranty for In-Box Accessories,"₹9,999₹14,99933% offFree deliveryBank Offer"
1,itel Muzik 110| 1900 mAh battery| Expandable Storage upto 32GB,4.1461 Ratings & 45 Reviews,4 MB RAM | 4 MB ROM | Expandable Upto 32 GB,4.57 cm (1.8 inch) Display,0.3MP Rear Camera,1900 mAh Lithium-ion Battery,1 Year Manufacturer Warranty for Device and 6 Months Manufacturer Warranty for In-box Accessories Including Batteries from the Date of Purchase,"₹1,270₹1,44912% offFree deliveryBank Offer"
2,"Infinix Note 12 (Jewel Blue, 128 GB)","4.213,558 Ratings & 1,296 Reviews",6 GB RAM | 128 GB ROM | Expandable Upto 512 GB,17.02 cm (6.7 inch) Full HD+ AMOLED Display,50MP + 2MP Depth + AI Lens | 16MP Front Camera,5000 mAh Li-ion Polymer Battery,1 Year on Handset and 6 Months on Accessories,"₹12,999₹17,99927% offFree deliveryUpto ₹12,450 Off on ExchangeBank Offer"
3,"Nokia C32 (Beach Pink, 128 GB)",3.7190 Ratings & 24 Reviews,4 GB RAM | 128 GB ROM,16.55 cm (6.517 inch) Display,50MP Rear Camera | 2MP Front Camera,5000 mAh Battery,1 Year Replacement Guarantee for Device and 6 Months Manufacturer Warranty for In-Box Accessories Including Battery from the Date of Purchase,"₹9,999₹10,9999% offFree deliveryBank Offer"
4,"MOTOROLA e22s (Arctic Blue, 64 GB)",3.9388 Ratings & 29 Reviews,4 GB RAM | 64 GB ROM | Expandable Upto 1 TB,16.51 cm (6.5 inch) HD+ Display,16MP + 2MP | 8MP Front Camera,5000 mAh Lithium Polymer Battery,1 Year on Handset and 6 Months on Accessories,"₹8,990₹10,99918% offFree deliveryBank Offer"
5,"Infinix Note 12 (Force Black, 64 GB)","4.227,808 Ratings & 2,734 Reviews",4 GB RAM | 64 GB ROM | Expandable Upto 512 GB,17.02 cm (6.7 inch) Full HD+ AMOLED Display,50MP + 2MP Depth + AI Lens | 16MP Front Camera,5000 mAh Li-ion Polymer Battery,1 Year on Handset and 6 Months on Accessories,"₹10,999₹15,99931% offFree deliveryUpto ₹10,300 Off on ExchangeBank Offer"
6,"Infinix Note 12 (Jewel Blue, 64 GB)","4.227,808 Ratings & 2,734 Reviews",4 GB RAM | 64 GB ROM | Expandable Upto 512 GB,17.02 cm (6.7 inch) Full HD+ AMOLED Display,50MP + 2MP Depth + AI Lens | 16MP Front Camera,5000 mAh Li-ion Polymer Battery,1 Year on Handset and 6 Months on Accessories,"₹10,999₹15,99931% offFree deliveryUpto ₹10,300 Off on ExchangeBank Offer"
7,XTOUCH F20 feature phone ( Not support Jio SIM ),3.258 Ratings & 10 Reviews,32 MB RAM | 56 MB ROM,6.1 cm (2.4 inch) Display,1.3MP Rear Camera,1000 mAh Battery,,"₹1,249₹2,99958% offFree deliveryBank Offer"
8,"Infinix Zero 20 (Glitter Gold, 128 GB)","4.24,556 Ratings & 586 Reviews",8 GB RAM | 128 GB ROM | Expandable Upto 2 TB,17.02 cm (6.7 inch) Full HD+ Display,108MP + 13MP + 2MP | 60 MP with OIS,4500 mAh Lithium-ion Polymer Battery,1 Year on Handset and 6 Months on Accessories,"₹15,499₹24,99938% offFree deliveryUpto ₹14,650 Off on ExchangeBank Offer"
9,"POCO M4 5G (Yellow, 128 GB)","4.246,300 Ratings & 3,362 Reviews",6 GB RAM | 128 GB ROM | Expandable Upto 512 GB,16.71 cm (6.58 inch) Full HD+ Display,50MP + 2MP | 8MP Front Camera,5000 mAh Lithium Ion Polymer Battery,1 Year Warranty for Handset and 6 Months for Accessories,"₹14,999₹18,99921% offFree deliveryUpto ₹14,300 Off on ExchangeBank Offer"
10,KARBONN K531,4287 Ratings & 28 Reviews,32 MB RAM | 32 MB ROM | Expandable Upto 16 GB,6.1 cm (2.4 inch) Display,0.3MP Rear Camera,1750 mAh Battery,,"₹1,349Free deliveryBank Offer"
11,UiSmart Ui-06,"42,011 Ratings & 191 Reviews",512 MB RAM | 256 MB ROM,4.5 cm (1.77 inch) Display,0.01MP Rear Camera,1050 mAh Battery,,"₹1,650₹2,49933% offFree deliveryBank Offer"
12,MU M5000,"3.92,615 Ratings & 326 Reviews",32 MB RAM | 32 MB ROM,7.11 cm (2.8 inch) Display,1.3MP Rear Camera,2500 mAh Battery,,"₹1,199₹1,99940% offFree deliveryBank Offer"
13,KARBONN K531,4287 Ratings & 28 Reviews,32 MB RAM | 32 MB ROM | Expandable Upto 32 GB,6.1 cm (2.4 inch) Quarter QVGA Display,0.3MP Rear Camera,1800 mAh Battery,,"₹1,349Free deliveryBank Offer"
14,Snexian ROCK R7,3.7629 Ratings & 60 Reviews,32 MB RAM | 32 MB ROM | Expandable Upto 32 GB,4.57 cm (1.8 inch) VGA Display,0.3MP Rear Camera | 0.3MP Front Camera,1000 mAh Battery,,"₹799₹1,19933% offFree deliveryBank Offer"
15,"OPPO A17k (Gold, 64 GB)","4.56,940 Ratings & 187 Reviews",3 GB RAM | 64 GB ROM | Expandable Upto 2 TB,16.66 cm (6.56 inch) HD+ Display,8MP Rear Camera | 5MP Front Camera,5000 mAh Battery,1 Year on Handset and 6 Months on Accessories,"₹10,990₹12,99915% offFree deliveryBank Offer"
16,KARBONN K31 Star,3.8204 Ratings & 16 Reviews,35 MB RAM | 32 MB ROM,6.1 cm (2.4 inch) HVGA Display,0.03MP Rear Camera,1800 mAh Battery,,"₹1,199₹1,79033% offFree deliveryBank Offer"
17,"OPPO A17k (Navy Blue, 64 GB)","4.56,940 Ratings & 187 Reviews",3 GB RAM | 64 GB ROM | Expandable Upto 2 TB,16.66 cm (6.56 inch) HD+ Display,8MP Rear Camera | 5MP Front Camera,5000 mAh Battery,1 Year on Handset and 6 Months on Accessories,"₹9,499₹12,99926% offFree deliveryUpto ₹8,950 Off on ExchangeNo Cost EMI from ₹3,167/month"
18,Snexian GURU 312,"3.43,599 Ratings & 253 Reviews",32 MB RAM | 32 MB ROM | Expandable Upto 16 GB,4.57 cm (1.8 inch) Quarter QVGA Display,0.3MP Rear Camera,800 mAh Battery,,₹670₹99932% offFree deliveryBank Offer
19,Nokia TA-1304/105 SS,"4.263,964 Ratings & 4,964 Reviews",4 MB RAM | 4 MB ROM,4.5 cm (1.77 inch) Display,800 mAh Battery,1 Year Manufacturer Warranty,,"₹1,199₹1,3007% off"
20,"REDMI Note 12 Pro+ 5G (Obsidian Black, 256 GB)","4.25,503 Ratings & 634 Reviews",12 GB RAM | 256 GB ROM,16.94 cm (6.67 inch) Full HD+ AMOLED Display,200MP + 8MP + 2MP | 16MP Front Camera,4980 mAh Lithium Polymer Battery,1 Year Manufacturer Warranty for Phone and 6 Months Warranty for In the Box Accessories,"₹32,999₹36,99910% offFree deliveryDaily SaverUpto ₹32,200 Off on Exchange"
21,Kechaoda K115 PRO,4178 Ratings & 11 Reviews,32 MB RAM | 32 MB ROM,3.66 cm (1.44 inch) QVGA Display,0.3MP Rear Camera,850 mAh Battery,,"₹1,170₹1,99941% offFree deliveryBank Offer"
22,Snexian Rock,"412,358 Ratings & 776 Reviews",32 MB RAM | 32 MB ROM,4.32 cm (1.7 inch) Display,0.3MP Rear Camera,800 mAh Battery,,"₹1,499₹1,99925% offFree deliveryBank Offer"
23,"Tecno Camon 20 (Glacier Glow, 256 GB)",4.3192 Ratings & 20 Reviews,8 GB RAM | 256 GB ROM,16.94 cm (6.67 inch) Display,64MP Rear Camera,5000 mAh Battery,,"₹14,998₹17,99916% offFree deliveryBank Offer"
