,0,1,2,3,4,5,6,7
0,"POCO M6 Pro 5G (Power Black, 128 GB)",4.3335 Ratings & 31 Reviews,6 GB RAM | 128 GB ROM | Expandable Upto 1 TB,17.25 cm (6.79 inch) Full HD+ Display,50MP + 2MP | 8MP Front Camera,5000 mAh Battery,1 Year Manufacturer Warranty for Phone and 6 Months Warranty for In the Box Accessories,"₹12,999₹16,99923% off"
1,"realme 10 Pro+ 5G (Hyperspace, 128 GB)","4.421,145 Ratings & 1,794 Reviews",8 GB RAM | 128 GB ROM,17.02 cm (6.7 inch) Full HD+ Display,108MP + 8MP + 2MP | 16MP Front Camera,5000 mAh Battery,1 Year Manufacturer Warranty for Phone and 6 Months Warranty for In-Box Accessories,"₹23,999₹27,99914% offFree deliveryDaily SaverUpto ₹23,450 Off on Exchange"
2,"realme 10 Pro+ 5G (Nebula Blue, 128 GB)","4.421,145 Ratings & 1,794 Reviews",8 GB RAM | 128 GB ROM,17.02 cm (6.7 inch) Full HD+ Display,108MP + 8MP + 2MP | 16MP Front Camera,5000 mAh Battery,1 Year Manufacturer Warranty for Phone and 6 Months Warranty for In-Box Accessories,"₹23,999₹27,99914% offFree deliveryDaily SaverUpto ₹23,450 Off on Exchange"
3,Micromax X412,"3.917,516 Ratings & 1,439 Reviews",32 MB RAM | 32 MB ROM,4.5 cm (1.77 inch) Display,800 mAh Battery,12 Month,,"₹999₹1,49633% offFree deliveryBank Offer"
4,KARBONN K9 Yuva,3.9924 Ratings & 63 Reviews,64 MB RAM | 32 KB ROM,4.57 cm (1.8 inch) QVGA Display,2MP Rear Camera,2502 mAh Battery,,"₹1,294₹1,49013% offFree deliveryBank Offer"
5,A10E,"4.11,624 Ratings & 120 Reviews",4 MB RAM | 32 MB ROM | Expandable Upto 64 GB,4.57 cm (1.8 inch) Display,800 mAh Battery,2 Years Domestic Replacement Warranty,,"₹1,419₹1,59911% offFree deliveryBank Offer"
6,"realme 9i 5G (Soulful Blue, 64 GB)","4.551,675 Ratings & 2,552 Reviews",4 GB RAM | 64 GB ROM | Expandable Upto 1 TB,16.76 cm (6.6 inch) Full HD+ Display,50MP + 2MP + 2MP | 8MP Front Camera,5000 mAh Lithium Ion Battery,1 Year Manufacturer Warranty for Phone and 6 Months Warranty for In-Box Accessories,"₹14,999₹17,99916% offFree deliveryUpto ₹14,300 Off on ExchangeNo Cost EMI from ₹2,500/month"
7,"Infinix Zero 5G 2023 TURBO (Pearly White, 256 GB)","43,512 Ratings & 442 Reviews",8 GB RAM | 256 GB ROM | Expandable Upto 256 GB,17.22 cm (6.78 inch) Full HD+ Display,50MP + 2MP + 2MP | 16MP Front Camera,5000 mAh Lithium-ion Polymer Battery,1 Year on Handset and 6 Months on Accessories,"₹16,999₹24,99932% offFree deliveryUpto ₹16,350 Off on ExchangeNo Cost EMI from ₹2,834/month"
8,"Infinix Note 30 5G (Magic Black, 128 GB)","4.11,611 Ratings & 185 Reviews",4 GB RAM | 128 GB ROM | Expandable Upto 2 TB,17.22 cm (6.78 inch) Full HD+ Display,108 MP + 2 MP+ AI Lens | 16MP Front Camera,5000 mAh Li-ion Polymer Battery,1 Year on Handset and 6 Months on Accessories,"₹14,999₹17,99916% offFree deliveryUpto ₹14,300 Off on ExchangeNo Cost EMI from ₹2,500/month"
9,"vivo V27 5G (Noble Black, 128 GB)","4.419,969 Ratings & 2,227 Reviews",8 GB RAM | 128 GB ROM,17.22 cm (6.78 Inch) Full HD+ AMOLED Display,50MP (OIS) + 8MP + 2MP | 50MP Front Camera,4600 mAh Battery,1 Year Brand Warranty,"₹32,999₹36,99910% offFree deliveryDaily SaverUpto ₹32,050 Off on Exchange"
10,KARBONN K110i,3.6300 Ratings & 27 Reviews,0 MB ROM | Expandable Upto 8 GB,4.57 cm (1.8 inch) QVGA Display,1000 mAh Battery,1 Year for Mobile & 6 Months for Accessories,,"₹941₹1,24024% offFree deliveryBank Offer"
11,Nokia 130 M DS 2023,3.6176 Ratings & 15 Reviews,4 MB RAM | 4 MB ROM,6.1 cm (2.4 inch) Display,1450 mAh Battery,1 Year Manufacturer Warranty For Device and 6 Months Manufacturer Warranty For in-box Accessories Including Battery From The Date of Purchase,,"₹2,099₹2,1994% offFree deliveryBank Offer"
12,GREENBERRY M3 Edition X,"4.32,08,497 Ratings & 19,013 Reviews",256 MB RAM | 256 MB ROM,3.66 cm (1.44 inch) NA Display,2MP Rear Camera,1150 mAh Battery,,"₹2,999₹3,99925% offFree deliveryBank Offer"
13,SAMSUNG Guru Music 2,"4.215,412 Ratings & 1,450 Reviews",NA ROM,5.08 cm (2 inch) NA Display,800 mAh Battery,0 0 0 208MHz Processor,,"₹1,850₹1,9505% offFree deliveryBank Offer"
14,"REDMI Note 12 Pro 5G (Stardust Purple, 128 GB)","4.131,534 Ratings & 2,344 Reviews",8 GB RAM | 128 GB ROM,16.94 cm (6.67 inch) Full HD+ AMOLED Display,50MP (OIS) + 8MP + 2MP | 16MP Front Camera,5000 mAh Lithium Polymer Battery,1 Year Manufacturer Warranty for Phone and 6 Months Warranty for In the Box Accessories,"₹24,999₹29,99916% offFree deliveryUpto ₹24,400 Off on ExchangeNo Cost EMI from ₹4,167/month"
15,Kechaoda K115,"4.131,534 Ratings & 2,344 Reviews",32 MB RAM | 32 MB ROM,3.66 cm (1.44 inch) QVGA Display,0.3MP Rear Camera,850 mAh Battery,,"₹1,088₹1,2009% offFree deliveryBank Offer"
16,Kechaoda K115,4289 Ratings & 15 Reviews,32 MB RAM | 32 MB ROM,3.66 cm (1.44 inch) QVGA Display,0.3MP Rear Camera,850 mAh Battery,,"₹1,110₹1,59930% offFree deliveryBank Offer"
17,itel it2163s,"43,630 Ratings & 284 Reviews",32 MB RAM | 32 MB ROM,4.57 cm (1.8 inch) Display,0.3MP Rear Camera,1200 mAh Battery,,"₹1,039₹1,42927% offFree deliveryBank Offer"
18,Micromax X413,4.121 Ratings & 2 Reviews,32 MB RAM | 32 MB ROM,4.5 cm (1.77 inch) Display,0.3MP Rear Camera,800 mAh Battery,,"₹997₹1,20016% offFree deliveryHot DealBank Offer"
19,"SAMSUNG Galaxy F34 5G (Electric Black, 128 GB)",3.6466 Ratings & 33 Reviews,8 GB RAM | 128 GB ROM | Expandable Upto 1 TB,16.51 cm (6.5 inch) Full HD+ Display,50MP (OIS) + 8MP + 2MP | 13MP Front Camera,6000 mAh Battery,1 Year Manufacturer Warranty for Device and 6 Months Manufacturer Warranty for In-Box Accessories,"₹20,999₹25,99919% offFree deliveryUpto ₹20,250 Off on ExchangeNo Cost EMI from ₹2,334/month"
20,Jmax J30,"425,611 Ratings & 1,997 Reviews",32 MB RAM | 32 MB ROM,4.57 cm (1.8 inch) Display,2MP Rear Camera,1050 mAh Battery,,"₹699₹1,39950% offFree deliveryBank Offer"
21,Nokia 110 TA-1302 DS,"4.41,424 Ratings & 185 Reviews",4 MB RAM | 4 MB ROM | Expandable Upto 32 MB,4.5 cm (1.77 inch) QVGA Display,1MP Rear Camera,800 mAh Battery,,"₹1,888₹1,899Free deliveryBank Offer"
22,"realme GT 2 (Paper Green, 256 GB)","4.316,270 Ratings & 1,786 Reviews",12 GB RAM | 256 GB ROM,16.81 cm (6.62 inch) Full HD+ AMOLED Display,50MP + 8MP + 2MP | 16MP Front Camera,5000 mAh Lithium Ion Battery,1 Year Manufacturer Warranty for Phone and 6 Months Warranty for In-Box Accessories,"₹28,999₹44,99935% offFree deliveryUpto ₹28,050 Off on ExchangeBank Offer"
