,0,1,2,3,4,5,6,7
0,"realme 9i 5G (Rocking Black, 64 GB)","4.551,675 Ratings & 2,623 Reviews",4 GB RAM | 64 GB ROM | Expandable Upto 1 TB,16.76 cm (6.6 inch) Full HD+ Display,50MP + 2MP + 2MP | 8MP Front Camera,5000 mAh Lithium Ion Battery,1 Year Manufacturer Warranty for Phone and 6 Months Warranty for In-Box Accessories,"₹14,999₹17,99916% offFree deliveryUpto ₹14,300 Off on ExchangeNo Cost EMI from ₹2,500/month"
1,itel iPower 430 Triple sim|2500 mAh Battery|Expandable Storage upto 32GB,3.996 Ratings & 4 Reviews,8 MB RAM | 8 MB ROM,6.1 cm (2.4 inch) Display,0.3MP Rear Camera,2500 mAh Battery,,"₹1,561₹1,89917% offFree deliveryBank Offer"
2,"MOTOROLA g72 (Polar Blue, 128 GB)","4.118,634 Ratings & 2,466 Reviews",6 GB RAM | 128 GB ROM | Expandable Upto 1 TB,16.64 cm (6.55 inch) Full HD+ Display,108MP + 8MP + 2MP | 16MP Front Camera,5000 mAh Lithium Battery,1 Year on Handset and 6 Months on Accessories,"₹14,999₹21,99931% offFree deliveryUpto ₹13,750 Off on ExchangeBank Offer"
3,Snexian GURU 312,"3.43,599 Ratings & 253 Reviews",32 MB RAM | 32 MB ROM | Expandable Upto 16 GB,4.57 cm (1.8 inch) Quarter QVGA Display,0.3MP Rear Camera,800 mAh Battery,,₹799₹99920% offFree deliveryBank Offer
4,"OnePlus 10R (Forest Green, 128 GB)","4.33,194 Ratings & 219 Reviews",8 GB RAM | 128 GB ROM,17.02 cm (6.7 inch) Display,50MP Rear Camera | 16MP Front Camera,5000 mAh Battery,,"₹29,945₹38,99923% offFree deliveryDaily SaverBank Offer"
5,I Kall K3310,"3.663,863 Ratings & 7,368 Reviews",32 MB RAM | 31 MB ROM,4.5 cm (1.77 inch) Display,0.3MP Rear Camera,1000 mAh Battery,,₹744₹99925% offFree deliveryBank Offer
6,LAVA A1,"4.21,10,158 Ratings & 11,555 Reviews",24 MB RAM | 24 MB ROM | Expandable Upto 32 GB,4.5 cm (1.77 inch) Quarter QVGA Display,0.3MP Rear Camera,800 mAh Battery,,"₹1,220₹1,2996% offFree deliveryBank Offer"
7,itel Power110Neo| 2500 mAh battery| Expandable Storage Upto 32GB,4.76 Ratings & 1 Reviews,32 MB RAM | 32 MB ROM,4.57 cm (1.8 inch) Display,0.3MP Rear Camera,2500 mAh Battery,,"₹1,349₹1,68920% offFree deliveryBank Offer"
8,Nokia 130 M DS 2023,"4.24,653 Ratings & 268 Reviews",4 MB RAM | 4 MB ROM,6.1 cm (2.4 inch) Display,1450 mAh Battery,1 Year Manufacturer Warranty For Device and 6 Months Manufacturer Warranty For in-box Accessories Including Battery From The Date of Purchase,,"₹2,099₹2,1994% offFree deliveryBank Offer"
9,"REDMI 10 Power (Power Black, 128 GB)",442 Ratings & 4 Reviews,8 GB RAM | 128 GB ROM,17.02 cm (6.7 inch) Display,50MP Rear Camera | 5MP Front Camera,6000 mAh Battery,,"₹12,489₹18,99934% offFree deliveryBank Offer"
10,a 10e,"4.14,719 Ratings & 298 Reviews",0 MB ROM | Expandable Upto 32 GB,4.57 cm (1.8 inch) Quarter QVGA Display,800 mAh Battery,12 months,,"₹1,319₹1,59917% offFree deliveryBank Offer"
11,"SAMSUNG Galaxy M04 (Light Green, 128 GB)",3.865 Ratings & 7 Reviews,4 GB RAM | 128 GB ROM,16.51 cm (6.5 inch) HD+ Display,13MP + 2MP,5000 mAh Battery,1 year manufacturer warranty for device and 6 months manufacturer warranty for in-box accessories,"₹9,599₹13,49928% offFree deliveryBank Offer"
12,itel it5029 Keypad Mobile|1200 mAh battery|Expandable Storage upto 32GB,"3.663,863 Ratings & 7,368 Reviews",32 MB RAM | 32 MB ROM,6.1 cm (2.4 inch) Display,0.3MP Rear Camera,1200 mAh Battery,,"₹1,340₹1,79925% offFree deliveryDaily SaverBank Offer"
13,I Kall K3310,"4.23,684 Ratings & 262 Reviews",32 MB RAM | 32 MB ROM,4.5 cm (1.77 inch) Display,0.3MP Rear Camera,1000 mAh Battery,,₹744Free deliveryBank Offer
14,"SAMSUNG Galaxy M33 5G (Emerald Brown, 128 GB)",3.6300 Ratings & 27 Reviews,8 GB RAM | 128 GB ROM,16.76 cm (6.6 inch) Display,50MP Rear Camera,6000 mAh Battery,,"₹17,407₹25,99933% offFree deliveryDaily SaverNo Cost EMI from ₹2,902/month"
15,KARBONN K110i,4.2703 Ratings & 47 Reviews,0 MB ROM | Expandable Upto 8 GB,4.57 cm (1.8 inch) QVGA Display,1000 mAh Battery,1 Year for Mobile & 6 Months for Accessories,,"₹941₹1,24024% offFree deliveryBank Offer"
16,"Tecno Pop 5 Pro (Ice Blue, 32 GB)",4.1479 Ratings & 39 Reviews,3 GB RAM | 32 GB ROM | Expandable Upto 256 GB,16.56 cm (6.52 inch) HD+ Display,8MP Rear Camera | 5MP Front Camera,6000 mAh Battery,"One Year Warranty for Handset, 6 Months for Accessories","₹6,960₹10,99936% offFree deliveryDaily SaverBank Offer"
17,"Tecno Spark Go 2023 (Endless Black, 32+3 GB)","3.71,349 Ratings & 105 Reviews",3 GB RAM | 32+3 GB ROM,16.66 cm (6.56 inch) Display,13MP Rear Camera,5000 mAh Battery,Domestic Warranty of 1 Year Available for handset and 6 month for Accessories.,"₹6,899₹8,29916% offFree deliveryBank Offer"
18,GFive V8,"4.113,248 Ratings & 1,226 Reviews",32 MB RAM | 32 MB ROM,4.57 cm (1.8 inch) Display,0.3MP Rear Camera,1000 mAh Battery,,₹699₹99930% offFree deliveryBank Offer
19,LAVA A5,3.4254 Ratings & 19 Reviews,32 MB RAM | 24 MB ROM | Expandable Upto 32 GB,6.1 cm (2.4 inch) QVGA Display,0.3MP Rear Camera,1000 mAh Li-ion Battery,,"₹1,549₹1,6496% offFree deliveryBank Offer"
20,Snexian ROCK 310,3.8251 Ratings & 17 Reviews,32 MB RAM | 32 MB ROM,4.5 cm (1.77 inch) NA Display,0.3MP Rear Camera,1000 mAh Battery,,"₹699₹1,49953% offFree deliveryBank Offer"
21,KARBONN Y1,4289 Ratings & 15 Reviews,32 MB RAM | 32 MB ROM | Expandable Upto 32 GB,4.57 cm (1.8 inch) Quarter QVGA Display,0.3MP Rear Camera,800 mAh Battery,,"₹998₹1,19016% offFree deliveryHot DealBank Offer"
22,itel it2163s,4.5251 Ratings & 30 Reviews,32 MB RAM | 32 MB ROM,4.57 cm (1.8 inch) Display,0.3MP Rear Camera,1200 mAh Battery,,"₹999₹1,42930% offFree deliveryHot DealBank Offer"
