,0,1,2,3,4,5,6,7
0,"I Kall S1 Plus With 6GB Virtual RAM (Grey, 128 GB)",3.5519 Ratings & 36 Reviews,6 GB RAM | 128 GB ROM | Expandable Upto 512 GB,17.27 cm (6.8 inch) HD+ Display,13MP + 5MP + 2MP | 8MP + 5MP Dual Front Camera,6000 mAh Battery,1 Year Domestic Warranty,"₹9,999₹11,99916% offFree deliveryBank Offer"
1,"REDMI Note 12 (Lunar Black, 128 GB)","4.111,169 Ratings & 990 Reviews",6 GB RAM | 128 GB ROM | Expandable Upto 1 TB,16.94 cm (6.67 inch) Full HD+ Super AMOLED Display,50MP + 8MP + 2MP | 13MP Front Camera,5000 mAh Battery,1 Year Manufacturer Warranty for Phone and 6 Months Warranty for In the Box Accessories,"₹15,999₹20,99923% offFree deliveryUpto ₹14,750 Off on ExchangeNo Cost EMI from ₹1,778/month"
2,"REDMI 12C (Mint Green, 128 GB)","4.21,774 Ratings & 100 Reviews",4 GB RAM | 128 GB ROM | Expandable Upto 1 TB,17.04 cm (6.71 inch) HD+ Display,50MP Rear Camera | 5MP Front Camera,5000 mAh Battery,1 Year Manufacturer Warranty for Device and 6 Months Manufacturer Warranty for In-Box Accessories,"₹9,389₹14,99937% offFree deliveryNo Cost EMI from ₹1,565/monthBank Offer"
3,"REDMI 12C (Matte Black, 128 GB)","4.21,774 Ratings & 100 Reviews",4 GB RAM | 128 GB ROM | Expandable Upto 1 TB,17.04 cm (6.71 inch) HD+ Display,50MP Rear Camera | 5MP Front Camera,5000 mAh Battery,1 Year Manufacturer Warranty for Device and 6 Months Manufacturer Warranty for In-Box Accessories,"₹9,490₹14,99936% offFree deliveryNo Cost EMI from ₹1,582/monthBank Offer"
4,"SAMSUNG Galaxy M14 5G (Smoky Teal, 128 GB)",4.2600 Ratings & 56 Reviews,4 GB RAM | 128 GB ROM,16.76 cm (6.6 inch) Display,50MP Rear Camera,6000 mAh Battery,,"₹14,365₹17,99020% offFree deliveryBank Offer"
5,Micromax X379+,3.3200 Ratings & 14 Reviews,32 MB RAM | 32 MB ROM | Expandable Upto 8 GB,4.5 cm (1.77 inch) Display,0.3MP Rear Camera,1000 mAh Battery,,"₹1,040₹1,89945% offFree deliveryBank Offer"
6,SAMSUNG Guru Music 2,"4.32,08,497 Ratings & 19,039 Reviews",NA ROM,5.08 cm (2 inch) NA Display,800 mAh Battery,1 Year Manufacturer Warranty,,"₹2,890₹2,899Free deliveryBank Offer"
7,LAVA A3 VIBE,4.213 Ratings & 1 Reviews,32 MB ROM | Expandable Upto 32 GB,4.5 cm (1.77 inch) Display,0.3MP Rear Camera | 0.3MP Front Camera,1750 mAh Battery,,"₹1,299₹1,59918% offFree deliveryBank Offer"
8,Kechaoda A26,"417,270 Ratings & 1,166 Reviews",32 MB RAM | 32 MB ROM | Expandable Upto 16 GB,1.68 cm (0.66 inch) Display,800 mAh Battery,1 Year Company Warranty,,"₹997₹1,49933% offFree deliveryBank Offer"
9,"REDMI Note 12 (Ice Blue, 128 GB)","4.111,169 Ratings & 990 Reviews",6 GB RAM | 128 GB ROM | Expandable Upto 1 TB,16.94 cm (6.67 inch) Full HD+ Super AMOLED Display,50MP + 8MP + 2MP | 13MP Front Camera,5000 mAh Battery,1 Year Manufacturer Warranty for Phone and 6 Months Warranty for In the Box Accessories,"₹15,999₹20,99923% offFree deliveryUpto ₹14,750 Off on ExchangeNo Cost EMI from ₹1,778/month"
10,itel Power 440| 2500 mAh battery| Expandable Storage Upto 32GB,4.2111 Ratings & 7 Reviews,32 MB RAM | 32 MB ROM,6.1 cm (2.4 inch) Display,0.3MP Rear Camera,2500 mAh Battery,,"₹1,470₹1,89922% offFree deliveryDaily SaverBank Offer"
11,"POCO M4 5G (Cool Blue, 64 GB)","4.290,958 Ratings & 6,399 Reviews",4 GB RAM | 64 GB ROM | Expandable Upto 512 GB,16.71 cm (6.58 inch) Full HD+ Display,50MP + 2MP | 8MP Front Camera,5000 mAh Lithium Ion Polymer Battery,1 Year Warranty for Handset and 6 Months for Accessories,"₹12,999₹15,99918% offFree deliveryUpto ₹12,450 Off on ExchangeBank Offer"
12,"MOTOROLA Edge 30 (Meteor Grey, 128 GB)","4.17,034 Ratings & 924 Reviews",8 GB RAM | 128 GB ROM,16.64 cm (6.55 inch) Full HD+ Display,50MP + 50MP + 2MP | 32MP Front Camera,4020 mAh Lithium Battery,1 Year on Handset and 6 Months on Accessories,"₹22,999₹34,99934% offFree deliveryUpto ₹22,100 Off on ExchangeBank Offer"
13,KARBONN K9,"4.18,143 Ratings & 666 Reviews",6.1 cm (2.4 inch) QVGA Display,1800 mAh 1800 mAh Battery Battery,1 Year Manufacturer Warranty,,,"₹1,375₹1,59013% offFree deliveryBank Offer"
14,"APPLE iPhone 13 (Midnight, 128 GB)","4.72,49,272 Ratings & 12,792 Reviews",128 GB ROM,15.49 cm (6.1 inch) Super Retina XDR Display,12MP + 12MP | 12MP Front Camera,A15 Bionic Chip Processor,,"₹59,999₹69,90014% offFree deliveryUpto ₹59,000 Off on ExchangeBank Offer"
15,Nokia 130M DS 2023,"4.18,143 Ratings & 666 Reviews",4 MB RAM | 4 MB ROM,6.1 cm (2.4 inch) Display,1450 mAh Battery,1 Year Manufacturer Warranty For Device and 6 Months Manufacturer Warranty For in-box Accessories Including Battery From The Date of Purchase,,"₹2,099₹2,1994% offFree deliveryBank Offer"
16,KARBONN K9,"4.31,906 Ratings & 121 Reviews",6.6 cm (2.6 inch) QVGA Display,2MP Rear Camera,1800 mAh Battery,1 Year Manufacturer Warranty,,"₹1,297₹1,52915% offFree deliveryBank Offer"
17,"IQOO Z6 Lite 5G (With Charger) (Mystic Night, 128 GB)",3.8384 Ratings & 29 Reviews,6 GB RAM | 128 GB ROM,16.97 cm (6.68 inch) Display,50MP Rear Camera,5000 mAh Battery,,"₹15,299₹19,99923% offFree deliveryNo Cost EMI from ₹2,550/monthBank Offer"
18,Nokia 105 SS 2023,"4.21,072 Ratings & 61 Reviews",4 MB RAM | 4 MB ROM,4.57 cm (1.8 inch) Display,1000 mAh Battery,1 Year Manufacture Warranty For Device and 6 Months Manufacture Warranty For In-box Accessories Including batteries From the date of Purchase,,"₹1,589₹1,599Free deliveryBank Offer"
19,"SAMSUNG GALAXY M13 5G (Aqua Green, 64 GB)","45,198 Ratings & 418 Reviews",4 GB RAM | 64 GB ROM,16.51 cm (6.5 inch) Display,50MP Rear Camera,5000 mAh Battery,,"₹12,478₹14,99916% offFree deliveryBank Offer"
20,LAVA A1 2021,"3.55,550 Ratings & 600 Reviews",32 MB RAM | 24 MB ROM | Expandable Upto 32 GB,4.57 cm (1.8 inch) Quarter QVGA Display,0.3MP Rear Camera | 0.3MP Front Camera,800 mAh Lithium Ion Battery,1 Year Manufacturer Replacement Guarantee for Phone and 6 Months Replacement for Accessories in the Box,"₹1,195₹1,49920% offFree deliveryBank Offer"
21,GFive U220+,"4.246,300 Ratings & 3,362 Reviews",32 MB RAM | 32 ROM,4.57 cm (1.8 inch) Display,0.3MP Rear Camera,1000 mAh Battery,,"₹664₹1,09939% offFree deliveryDaily SaverBank Offer"
22,"POCO M4 5G (Power Black, 128 GB)","4.33,194 Ratings & 219 Reviews",6 GB RAM | 128 GB ROM | Expandable Upto 512 GB,16.71 cm (6.58 inch) Full HD+ Display,50MP + 2MP | 8MP Front Camera,5000 mAh Lithium Ion Polymer Battery,1 Year Warranty for Handset and 6 Months for Accessories,"₹14,999₹18,99921% offFree deliveryUpto ₹14,300 Off on ExchangeBank Offer"
