,0,1,2,3,4,5,6,7
0,LAVA A1,"4.220,605 Ratings & 1,922 Reviews",4 MB RAM | 24 MB ROM | Expandable Upto 32 GB,4.5 cm (1.77 inch) Display,0.3MP Rear Camera,800 mAh Battery,,"₹1,159Free deliveryBank Offer"
1,LAVA Hero 600i,"41,501 Ratings & 87 Reviews",4 MB RAM | 3 MB ROM | Expandable Upto 32 GB,4.57 cm (1.8 inch) Display,620 mAh Battery,1 year manufacturer warranty for device and 6 months manufacturer warranty for in-box accessories including batteries from the date of purchase,,"₹898₹1,19925% offFree deliveryBank Offer"
2,"SAMSUNG Galaxy F14 5G (GOAT Green, 128 GB)","4.229,399 Ratings & 2,272 Reviews",6 GB RAM | 128 GB ROM | Expandable Upto 1 TB,16.76 cm (6.6 inch) Full HD+ Display,50MP + 2MP | 13MP Front Camera,6000 mAh Battery,1 Year Manufacturer Warranty for Device and 6 Months Manufacturer Warranty for In-Box Accessories,"₹14,990₹18,49018% offFree deliveryUpto ₹14,300 Off on ExchangeNo Cost EMI from ₹1,666/month"
3,GFive U707,"3.613,724 Ratings & 1,285 Reviews",32 MB RAM | 64 MB ROM | Expandable Upto 16 GB,4.57 cm (1.8 inch) Display,0.3MP Rear Camera,950 mAh Battery,,₹725₹99927% offFree deliveryBank Offer
4,LAVA A3 Power,"4.12,958 Ratings & 293 Reviews",32 MB RAM | 24 MB ROM | Expandable Upto 32 GB,4.5 cm (1.77 inch) Quarter QVGA Display,0.3MP Rear Camera,2575 mAh Li-ion Battery,,"₹1,499₹1,69911% offFree deliveryBank Offer"
5,GFive U106,"3.52,467 Ratings & 199 Reviews",32 MB RAM | 64 MB ROM | Expandable Upto 16 GB,4.57 cm (1.8 inch) Display,0.3MP Rear Camera,950 mAh Battery,,₹725₹99927% offFree deliveryBank Offer
6,"SAMSUNG Galaxy F23 5G (Copper Blush, 128 GB)","4.32,04,853 Ratings & 15,627 Reviews",6 GB RAM | 128 GB ROM | Expandable Upto 1 TB,16.76 cm (6.6 inch) Full HD+ Display,50MP + 8MP + 2MP | 8MP Front Camera,5000 mAh Lithium Ion Battery,1 Year Warranty Provided by the Manufacturer from Date of Purchase,"₹16,999₹23,99929% offFree deliveryUpto ₹16,350 Off on ExchangeNo Cost EMI from ₹2,834/month"
7,Nokia 106 4G,3.877 Ratings & 4 Reviews,32 MB RAM | 32 MB ROM,4.5 cm (1.77 inch) Display,0MP | 0MP Front Camera,1450 mAh Battery,1 Year Replacement Warranty for Device and 6 Months Manufacturer Warranty for Inbox Accessories Including Battery from the Date of Purchase,"₹2,199₹2,99926% offFree deliveryHot DealBank Offer"
8,"POCO X5 Pro 5G (Yellow, 128 GB)","4.311,455 Ratings & 1,251 Reviews",6 GB RAM | 128 GB ROM,16.94 cm (6.67 inch) Full HD+ Display,108MP + 8MP + 2MP | 16MP Front Camera,5000 mAh Battery,1 Year Manufacturer Warranty for Phone and 6 Months Warranty for in the Box Accessories,"₹20,999₹25,99919% offFree deliveryUpto ₹20,250 Off on ExchangeNo Cost EMI from ₹3,500/month"
9,"POCO X5 Pro 5G (Horizon Blue, 256 GB)","4.313,233 Ratings & 1,330 Reviews",8 GB RAM | 256 GB ROM,16.94 cm (6.67 inch) Full HD+ Display,108MP + 8MP + 2MP | 16MP Front Camera,5000 mAh Battery,1 Year Manufacturer Warranty for Phone and 6 Months Warranty for in the Box Accessories,"₹24,999₹28,99913% offFree deliveryDaily SaverUpto ₹24,000 Off on Exchange"
10,"SAMSUNG Galaxy F34 5G (Electric Black, 128 GB)",4.99 Ratings & 1 Reviews,6 GB RAM | 128 GB ROM | Expandable Upto 1 TB,16.51 cm (6.5 inch) Full HD+ Display,50MP (OIS) + 8MP + 2MP | 13MP Front Camera,6000 mAh Battery,1 Year Manufacturer Warranty for Device and 6 Months Manufacturer Warranty for In-Box Accessories,"₹18,999₹24,49922% offFree deliveryUpto ₹18,400 Off on ExchangeNo Cost EMI from ₹2,111/month"
11,"POCO M6 Pro 5G (Forest Green, 128 GB)",4.3335 Ratings & 31 Reviews,6 GB RAM | 128 GB ROM | Expandable Upto 1 TB,17.25 cm (6.79 inch) Full HD+ Display,50MP + 2MP | 8MP Front Camera,5000 mAh Battery,1 Year Manufacturer Warranty for Phone and 6 Months Warranty for In the Box Accessories,"₹12,999₹16,99923% off"
12,Motorola a70,"4.12,198 Ratings & 212 Reviews",0 MB ROM | Expandable Upto 32 GB,6.1 cm (2.4 inch) Quarter QVGA Display,1750 mAh Battery,2 Year Replacement,,"₹1,949₹2,39918% offFree deliveryBank Offer"
13,"REDMI K50i 5G (Stealth Black, 256 GB)","4.22,033 Ratings & 197 Reviews",8 GB RAM | 256 GB ROM,16.76 cm (6.6 inch) Full HD+ Display,64MP + 8MP + 2MP | 16MP Front Camera,5080 mAh Battery,1 Year Manufacturer Warranty for Phone and 6 Months Warranty for In the Box Accessories,"₹23,999₹35,99933% offFree deliveryUpto ₹22,900 Off on ExchangeNo Cost EMI from ₹4,000/month"
14,"POCO X5 5G (Supernova Green, 256 GB)","4.15,208 Ratings & 390 Reviews",8 GB RAM | 256 GB ROM | Expandable Upto 1 TB,16.94 cm (6.67 inch) Full HD+ Display,48MP + 8MP + 2MP | 13MP Front Camera,5000 mAh Battery,1 Year Manufacturer Warranty for Phone and 6 Months Warranty for In the Box Accessories,"₹17,999₹23,99925% offFree deliveryUpto ₹17,300 Off on ExchangeNo Cost EMI from ₹3,000/month"
15,Motorola a70,"41,624 Ratings & 170 Reviews",4 MB RAM | 4 MB ROM | Expandable Upto 32 GB,6.1 cm (2.4 inch) Quarter QVGA Display,1750 mAh Battery,2 Year Replacement,,"₹1,869₹2,39922% offFree deliveryBank Offer"
16,LAVA A1,"4.21,10,158 Ratings & 11,545 Reviews",24 MB RAM | 24 MB ROM | Expandable Upto 32 GB,4.5 cm (1.77 inch) Quarter QVGA Display,0.3MP Rear Camera,800 mAh Battery,,"₹1,229₹1,2592% offFree deliveryHot DealBank Offer"
17,SAMSUNG Guru Music 2 SM-B315E,"4.110,580 Ratings & 724 Reviews",Expandable Upto 16 GB,5.08 cm (2 inch) QVGA Display,0MP Front Camera,800 mAh Battery,1 Year Manufacturer's Warranty,"₹2,890₹2,899Free deliveryBank Offer"
18,"Infinix Smart 6 HD (Force Black, 32 GB)","4.336,624 Ratings & 2,074 Reviews",2 GB RAM | 32 GB ROM | Expandable Upto 512 GB,16.76 cm (6.6 inch) HD+ Display,8MP Rear Camera | 5MP Front Camera,5000 mAh Lithium-ion Polymer Battery,1 Year on Handset and 6 Months on Accessories,"₹5,999₹8,99933% offFree deliveryUpto ₹5,450 Off on ExchangeBank Offer"
19,"Infinix Smart 6 HD (Aqua Sky, 32 GB)","4.336,624 Ratings & 2,074 Reviews",2 GB RAM | 32 GB ROM | Expandable Upto 512 GB,16.76 cm (6.6 inch) HD+ Display,8MP Rear Camera | 5MP Front Camera,5000 mAh Lithium-ion Polymer Battery,1 Year on Handset and 6 Months on Accessories,"₹5,999₹8,99933% offFree deliveryUpto ₹5,450 Off on ExchangeBank Offer"
20,"POCO M6 Pro 5G (Forest Green, 64 GB)",4.5612 Ratings & 52 Reviews,4 GB RAM | 64 GB ROM | Expandable Upto 1 TB,17.25 cm (6.79 inch) Full HD+ Display,50MP + 2MP | 8MP Front Camera,5000 mAh Battery,1 Year Manufacturer Warranty for Phone and 6 Months Warranty for In the Box Accessories,"₹10,999₹14,99926% off"
21,"realme 11 Pro 5G (Astral Black, 256 GB)","4.321,472 Ratings & 1,977 Reviews",8 GB RAM | 256 GB ROM,17.02 cm (6.7 inch) Full HD+ Display,100MP (OIS) + 2MP | 16MP Front Camera,5000 mAh Battery,1 Year Manufacturer Warranty for Device and 6 Months Manufacturer Warranty for In-Box Accessories,"₹24,999₹27,99910% offFree deliveryDaily SaverUpto ₹24,000 Off on Exchange"
22,"realme 11 Pro 5G (Oasis Green, 256 GB)","4.321,472 Ratings & 1,977 Reviews",8 GB RAM | 256 GB ROM,17.02 cm (6.7 inch) Full HD+ Display,100MP (OIS) + 2MP | 16MP Front Camera,5000 mAh Battery,1 Year Manufacturer Warranty for Device and 6 Months Manufacturer Warranty for In-Box Accessories,"₹24,999₹27,99910% offFree deliveryDaily SaverUpto ₹24,000 Off on Exchange"
23,"MOTOROLA g14 (Sky Blue, 128 GB)",4.2492 Ratings & 55 Reviews,4 GB RAM | 128 GB ROM | Expandable Upto 1 TB,16.51 cm (6.5 inch) Full HD+ Display,50MP + 2MP | 8MP Front Camera,5000 mAh Battery,Immersive Stereo Speakers with Dolby Atmos,"₹9,999₹12,99923% off"
