,0,1,2,3,4,5,6,7
0,"vivo Y02t (Cosmic Grey, 64 GB)",4.2643 Ratings & 29 Reviews,4 GB RAM | 64 GB ROM,16.54 cm (6.51 inch) HD+ Display,8MP Rear Camera | 5MP Front Camera,5000 mAh Battery,1 Year Handset and 6 Months Accessories,"₹9,999₹15,99937% offFree delivery by TodayUpto ₹9,400 Off on ExchangeBank Offer"
1,"REDMI A1+ (Light Green, 32 GB)","4.29,758 Ratings & 400 Reviews",2 GB RAM | 32 GB ROM | Expandable Upto 512 GB,16.56 cm (6.52 inch) HD+ Display,8MP Rear Camera | 5MP Front Camera,5000 mAh Lithium Polymer Battery,1 Year Manufacturer Warranty for Phone and 6 Months Warranty for in the Box Accessories,"₹6,299₹9,99937% offFree delivery by TodayUpto ₹5,750 Off on ExchangeBank Offer"
2,"realme Narzo N53 (Feather Gold, 64 GB)",4.3920 Ratings & 52 Reviews,4 GB RAM | 64 GB ROM,17.12 cm (6.74 inch) Display,50MP Rear Camera,5000 mAh Battery,,"₹9,967₹10,9999% offFree delivery by TodayNo Cost EMI from ₹1,662/monthBank Offer"
3,GFive U106,"3.52,467 Ratings & 199 Reviews",32 MB RAM | 64 MB ROM | Expandable Upto 16 GB,4.57 cm (1.8 inch) Display,0.3MP Rear Camera,950 mAh Battery,,₹725₹99927% offFree delivery by TodayBank Offer
4,GFive U220+,"3.55,550 Ratings & 600 Reviews",32 MB RAM | 32 MB ROM,4.57 cm (1.8 inch) Display,0.3MP Rear Camera,1000 mAh Battery,,₹699₹99930% offFree delivery by TodayBank Offer
5,"MOTOROLA Edge 40 (Eclipse Black, 256 GB)","4.216,486 Ratings & 2,523 Reviews",8 GB RAM | 256 GB ROM,16.51 cm (6.5 inch) Full HD+ Display,50MP + 13MP | 32MP Front Camera,4400 mAh Battery,Vegan Leather,"₹29,999₹34,99914% off"
6,"Infinix NOTE 12i (Force Black, 64 GB)","4.28,205 Ratings & 835 Reviews",4 GB RAM | 64 GB ROM | Expandable Upto 512 GB,17.02 cm (6.7 inch) Full HD+ AMOLED Display,50 MP + 2 MP + QVGA | 8MP Front Camera,5000 mAh Lithium-ion Polymer Battery,1 Year on Handset and 6 Months on Accessories,"₹9,499₹12,99926% offFree delivery by TodayUpto ₹8,950 Off on ExchangeNo Cost EMI from ₹1,584/month"
7,"vivo Y02t (Sunset Gold, 64 GB)",4.2643 Ratings & 29 Reviews,4 GB RAM | 64 GB ROM,16.54 cm (6.51 inch) HD+ Display,8MP Rear Camera | 5MP Front Camera,5000 mAh Battery,1 Year Handset and 6 Months Accessories,"₹9,999₹15,99937% offFree delivery by TodayUpto ₹9,400 Off on ExchangeBank Offer"
8,Nokia 125 DS 2020,"3.96,819 Ratings & 439 Reviews",4 MB RAM | 4 MB ROM,6.1 cm (2.4 inch) Display,1020 mAh Lithium-ion Battery,MediaTek Processor,,"₹2,349₹2,3992% offFree delivery by TodayBank Offer"
9,"SAMSUNG Galaxy F14 5G (B.A.E. Purple, 128 GB)","4.229,399 Ratings & 2,272 Reviews",6 GB RAM | 128 GB ROM | Expandable Upto 1 TB,16.76 cm (6.6 inch) Full HD+ Display,50MP + 2MP | 13MP Front Camera,6000 mAh Battery,1 Year Manufacturer Warranty for Device and 6 Months Manufacturer Warranty for In-Box Accessories,"₹14,990₹18,49018% offFree delivery by TodayUpto ₹14,300 Off on ExchangeNo Cost EMI from ₹1,666/month"
10,LAVA A3 Power,"4.12,661 Ratings & 242 Reviews",0 GB ROM | Expandable Upto 32 GB,4.5 cm (1.77 inch) Quarter QVGA Display,0.3MP Rear Camera,2575 mAh Li-ion Battery,,"₹1,379₹1,69918% offFree delivery by TodayBank Offer"
11,SAMSUNG Guru Music 2,"4.32,08,497 Ratings & 19,013 Reviews",NA ROM,5.08 cm (2 inch) NA Display,800 mAh Battery,1 Year Manufacturer Warranty,,"₹2,890Free delivery by TodayBank Offer"
12,"Infinix NOTE 12i (Alpine White, 64 GB)","4.28,205 Ratings & 835 Reviews",4 GB RAM | 64 GB ROM | Expandable Upto 512 GB,17.02 cm (6.7 inch) Full HD+ AMOLED Display,50 MP + 2 MP + QVGA | 8MP Front Camera,5000 mAh Lithium-ion Polymer Battery,1 Year on Handset and 6 Months on Accessories,"₹9,499₹12,99926% offFree delivery by TodayUpto ₹8,950 Off on ExchangeNo Cost EMI from ₹1,584/month"
13,"POCO X4 Pro 5G (Laser Blue, 128 GB)","4.223,357 Ratings & 2,253 Reviews",8 GB RAM | 128 GB ROM | Expandable Upto 1 TB,16.94 cm (6.67 inch) Full HD+ Super AMOLED Display,64MP + 8MP + 2MP | 16MP Front Camera,5000 mAh Lithium-ion Polymer Battery,"One Year for Handset, 6 Months for Accessories","₹17,999₹25,99930% offFree delivery by TodayUpto ₹17,300 Off on ExchangeBank Offer"
14,"REDMI Note 12 5G (Mystique Blue, 128 GB)","43,325 Ratings & 281 Reviews",4 GB RAM | 128 GB ROM | Expandable Upto 1 TB,16.94 cm (6.67 inch) Full HD+ AMOLED Display,48MP + 8MP + 2MP | 13MP Front Camera,5000 mAh Battery,1 Year Manufacturer Warranty for Phone and 6 Months Warranty for In the Box Accessories,"₹16,999₹19,99915% offFree delivery by TodayUpto ₹15,250 Off on ExchangeNo Cost EMI from ₹2,834/month"
15,"Infinix HOT 20 5G (Racing Black, 64 GB)","4.214,888 Ratings & 1,159 Reviews",4 GB RAM | 64 GB ROM | Expandable Upto 1 TB,16.76 cm (6.6 inch) Full HD+ Display,50MP + AI Lens | 8MP Front Camera,5000 mAh Li-ion Polymer Battery,1 Year on Handset and 6 Months on Accessories,"₹11,499₹17,99936% offFree delivery by TodayUpto ₹10,900 Off on ExchangeNo Cost EMI from ₹1,917/month"
16,Nokia 105 SS 2023,3.8384 Ratings & 29 Reviews,4 MB RAM | 4 MB ROM,4.57 cm (1.8 inch) Display,1000 mAh Battery,1 Year Manufacture Warranty For Device and 6 Months Manufacture Warranty For In-box Accessories Including batteries From the date of Purchase,,"₹1,385₹1,59913% offFree delivery by TodayBank Offer"
17,"realme 10 Pro 5G (Dark Matter, 128 GB)","4.334,512 Ratings & 2,481 Reviews",6 GB RAM | 128 GB ROM | Expandable Upto 1 TB,17.07 cm (6.72 inch) Full HD+ Display,108MP + 2MP | 16MP Front Camera,5000 mAh Battery,1 Year Manufacturer Warranty for Phone and 6 Months Warranty for In-Box Accessories,"₹18,999₹20,9999% offFree delivery by TodayUpto ₹18,400 Off on ExchangeNo Cost EMI from ₹3,167/month"
18,Nokia 105 SS 2021,"4.285,073 Ratings & 6,328 Reviews",4 MB RAM | 4 MB ROM,4.5 cm (1.77 inch) Quarter QVGA Display,800 mAh Lithium Ion Battery,Brand Warranty of 1 Year Available for Mobile,,"₹1,549₹1,5993% offFree delivery by TodayBank Offer"
19,"realme 11 Pro 5G (Sunrise Beige, 256 GB)","4.321,472 Ratings & 1,977 Reviews",8 GB RAM | 256 GB ROM,17.02 cm (6.7 inch) Full HD+ Display,100MP (OIS) + 2MP | 16MP Front Camera,5000 mAh Battery,1 Year Manufacturer Warranty for Device and 6 Months Manufacturer Warranty for In-Box Accessories,"₹24,999₹27,99910% offFree delivery by TodayDaily SaverUpto ₹24,000 Off on Exchange"
20,Nokia 105 PLUS,"4.110,592 Ratings & 709 Reviews",4 MB RAM | 4 MB ROM,4.5 cm (1.77 inch) Display,0MP Front Camera,1000 mAh Lithium Ion Battery,1 Year Manufacturer Warranty For Device And 6 Months Manufacturer Warranty For In-Box Accessories Including Battery From The Date Of Purchase,"₹1,549₹1,89918% offFree delivery by TodayBank Offer"
21,"POCO M5 (Yellow, 128 GB)","4.26,724 Ratings & 442 Reviews",6 GB RAM | 128 GB ROM | Expandable Upto 512 GB,16.71 cm (6.58 inch) Full HD+ Display,50MP + 2MP Depth Sensor + 2MP Macro Sensor | 8MP Front Camera,5000 mAh Lithium-ion Polymer Battery,"1 Year for Handset, 6 Months for Accessories","₹14,499₹18,99923% offFree delivery by TodayUpto ₹13,950 Off on ExchangeBank Offer"
22,KARBONN Jumbo K9,"413,662 Ratings & 1,338 Reviews",Expandable Upto 8 GB,6.6 cm (2.6 inch) QVGA Display,1.3MP Rear Camera,1800 mAh Li-Ion Battery,,"₹1,299₹1,55216% offFree delivery by TodayBank Offer"
23,"Infinix HOT 30 5G (Miami Orange, 128 GB)","4.22,605 Ratings & 274 Reviews",8 GB RAM | 128 GB ROM | Expandable Upto 1 TB,17.22 cm (6.78 inch) Full HD+ Display,50 MP + AI Lens | 8MP Front Camera,6000 mAh Lithium Ion Polymer Battery,1 Year on Handset and 6 Months on Accessories,"₹13,499₹16,99920% offFree delivery by TodayUpto ₹12,950 Off on ExchangeBank Offer"
